"মোসাদ এক্সোডাস","গ্যাড সিমরন","","TK. 250","TK. 188"
﻿"বিপন্ন এক মানুষজন্মে","মোবারক খান হৃদয়","","TK. 135","TK. 95"
﻿"মহাজাগতিক সময় ","সায়মন হোসাইন রাউল","","TK. 120","TK. 90"
﻿"প্রাচ্য ও পাশ্চাত্য দর্শনের ইতিহাস (প্রথম খণ্ড: ২য় ভাগ)","হুমায়ুন কবির","","TK. 600","TK. 450"
﻿"ডেঙ্গু প্রতিরোধ প্রতিকার টিপস","ডা. সানি আমির","","TK. 180","TK. 135"
﻿"তারায় তারায় যুদ্ধ-সায়েন্স ফিকশন","আইজ্যাক আসিমভ","","TK. 400","TK. 300"
﻿"ইংল্যান্ডের রূপকথা","আখতার হুসেন","","TK. 150","TK. 113"
﻿"সাবটেরেনিয়ান","জেমস রোলিন্স","","TK. 420","TK. 294"
﻿"অন্তরীক্ষের শত রঙ","শারমিন রহমান","","TK. 200","TK. 150"
﻿"মেনকি ফান্দার অপরাধ কিংবা পাপ","সাদিয়া সুলতানা	","","TK. 250","TK. 188"
﻿"লোশক"," সালেহ আহমেদ মুবিন","","TK. 150","TK. 113"
﻿"কিশোর মুসা রবিন: হান্টিং লজের রহস্য","রকিব হাসান","","TK. 200","TK. 150"
﻿"প্যারেন্টিং","নিয়াজ আহমেদ","","TK. 200","TK. 150"
﻿"জোকস ২০২০","আনোয়ারুল আলম সজল","","TK. 200","TK. 150"
﻿"ক্রুসেড : খ্রিষ্টানদের হিংস্র যুদ্ধের ইতিহাস","ড. রাগিব সারজানি","","TK. 740","TK. 555"
﻿"বিকামিং","মিশেল ওবামা","","TK. 600","TK. 450"
﻿"কিশোর মুসা রবিনঃ রুদ্র সাগর","রকিব হাসান","","TK. 38","TK. 29"
﻿"ভাসানীর কথা","আজাদ খান ভাসানী","","TK. 300","TK. 225"
﻿"মনোভূমি","সাবিহা বিনতে রইস","","TK. 340","TK. 255"
﻿"মহানবীর (সা.) বাণী","স্যার আব্দুল্লাহ সোহরাওয়ার্দি","","TK. 320","TK. 240"
﻿"খুদে রহস্য-গল্প: মিকি মাউজ আর তার বন্ধুরা","গ্রেস ম্যাক্কারোন","","TK. 75","TK. 56"
﻿"ইসলামের বিকাশ বিশ্বময়","আহমদুল ইসলাম চৌধুরী","","TK. 350","TK. 263"
﻿"রোগ জীবাণুর গল্প","সঞ্জয় মুখার্জী","","TK. 300","TK. 225"
﻿"শেষের আগে  ","আরেফিন রহমান বৃষ্টি","","TK. 220","TK. 165"
﻿"বাঘ মামা আর শিয়াল ভাগ্নে","উপেন্দ্রকিশোর রায়চৌধুরী","","TK. 60","TK. 45"
﻿"অশ্রুসাগর","ইমাম আবুল ফারাজ ইবনুল জাওযি র.","","TK. 324","TK. 243"
﻿"প্রজেক্ট পাই","তানভীর আহমেদ সৃজন","","TK. 280","TK. 210"
﻿"শান্তি দর্শন","ওমর ফারুক","","TK. 250","TK. 188"
﻿"বিজয়ের মুহূর্ত ১৯৭১","মতিউর রহমান ","","TK. 250","TK. 188"
﻿"আমার দেখা ওয়ান ইলেভেন","অধ্যাপক সৈয়দ মোদাচ্ছের আলী","","TK. 500","TK. 375"
﻿"শোনো হে কিশোর","সামি খান","","TK. 170","TK. 119"
﻿"ম্যাকগাইভার মামা","মোস্তফা তানিম ","","TK. 220","TK. 165"
﻿"তন্ত্রভেদ কিংবা শাপ উন্মোচন","সানজানা পায়েল","","TK. 180","TK. 135"
﻿"পৃথিবীর সেরা সায়েন্স ফিকশন গল্প","খসরু চৌধুরী","","TK. 250","TK. 188"
﻿"কৃষ্ণ মেকুর ও অন্যান্য ঢেকুর","আহসান হাবীব (কার্টুনিস্ট)","","TK. 125","TK. 94"
﻿"ভালোবাসার বন্ধন","‘বিয়ে : অর্ধেক দ্বীন’ টিম	","","TK. 300","TK. 180"
﻿"স্তালিনের বাস্তুভিটায়","সঞ্জয় দে ","","TK. 320","TK. 240"
﻿"ইরান সংকট ও উপসাগরীয় রাজনীতি","ড. তারেক শামসুর রেহমান","","TK. 250","TK. 188"
﻿"রিক্লেইম ইয়োর হার্ট (আত্মার নিয়ন্ত্রণ নিজ হাতে নিন)","ইয়াসমিন মুজাহিদ","","TK. 350","TK. 245"
﻿"নভেরা  বিভূঁইয়ে স্বভূমে","আনা ইসলাম","","TK. 1,500","TK. 1,125"
﻿"নেতৃত্বের প্রাথমিক বোঝাপড়া","ড. মুনির উদ্দিন আহমেদ (বাদল)","","TK. 220","TK. 154"
﻿"কিশোর সাধারণ জ্ঞান : বাংলাদেশ ও আন্তর্জাতিক প্রসঙ্গ","আহমেদ ফারুক ","","TK. 220","TK. 132"
﻿"এক্স ওয়ার্ল্ড","বদরুল আলম","","TK. 175","TK. 131"
﻿"বাংলা সাহিত্য পরিচয়","কামাল আতাউর রহমান","","TK. 200","TK. 176"
﻿"শ্রেষ্ঠ প্রবন্ধ গোলাম মুরশিদ","গোলাম মুরশিদ","","TK. 600","TK. 450"
﻿"ড্রিম'স ওয়ার্ড স্মার্ট ১ম এন্ড ২য় (ইংলিশ টু বাংলা সংস্করণ)","আদম রবিনসন","","TK. 475","TK. 209"
﻿"শহীদুল জহির উপন্যাসসমগ্র","মোহাম্মদ আব্দুর রশীদ","","TK. 695","TK. 591"
﻿"সময়ের সমপাতন","আরিফ রহমান","","TK. 250","TK. 188"
﻿"নিদাস্তিয়া","তকিব তৌফিক","","TK. 225","TK. 169"
﻿"বিজ্ঞান টিজ্ঞান","বুশরানা সিদ্দিক","","TK. 200","TK. 150"
﻿"জন্মান্তর","ইমরান কায়েস","","TK. 300","TK. 225"
﻿"দ্য গ্রিন মাইল","স্টিফেন কিং","","TK. 450","TK. 338"
﻿"অবয়ব","তানজীম রহমান","","TK. 300","TK. 225"
﻿"আরিমাতানো","মাহবুব ময়ূখ রিশাদ","","TK. 240","TK. 180"
﻿"জেরানগাওয়ের বিভীষিকা","ইশতিয়াক হাসান","","TK. 108","TK. 81"
﻿"হারিয়ে যাবার শুরু","নীল হুরেজাহান","","TK. 300","TK. 225"
﻿"মদিনা","পারভেজ আলম","","TK. 700","TK. 525"
﻿"চাঁদের রংধনু","মঈনুস সুলতান","","TK. 200","TK. 150"
﻿"সাফাই সাক্ষী","জুয়েল দেব","","TK. 160","TK. 120"
﻿"নব যৌবন","ফরিদ উদ্দিন ","","TK. 262","TK. 197"
﻿"ইসলাম ও মুক্তচিন্তা","মাওলানা মুহাম্মাদ আফসারুদ্দীন","","TK. 170","TK. 128"
﻿"অনুভবের অনুভূতি তুমি","শাহেদ সোলাইমান","","TK. 200","TK. 150"
﻿"বঙ্গবন্ধুর জয়যাত্রা","মুনতাসীর মামুন","","TK. 350","TK. 263"
﻿"হৃদ কলমের আঁচড়","গৌরী প্রভা দাশ","","TK. 260","TK. 195"
﻿"৬০২ ম্যাডোর এভেন্যু","কানিজ ফাতেমা খুশী","","TK. 150","TK. 113"
﻿"পোপোল্ বু","মানবেন্দ্র বন্দ্যোপাধ্যায়","","TK. 150","TK. 113"
﻿"কোনো এক শ্রাবণে","ইশরাত মাহেরীন জয়া","","TK. 205","TK. 154"
﻿"এ গেম অব থ্রোনস - ২য় খণ্ড","জর্জ আর. আর. মার্টিন","","TK. 500","TK. 375"
﻿"চতুষ্কোণ","সিয়াম মেহরাফ","","TK. 135","TK. 101"
﻿"সময়","সাজেদা পারভীন সাজু ","","TK. 200","TK. 150"
﻿"শবযাত্রা","নাশমান শরীফ","","TK. 155","TK. 116"
﻿"তিমিরযাত্রা ","মোজাফফর হোসেন","","TK. 270","TK. 203"
﻿"মনে করো আর দেখা হবে না","ইকবাল খন্দকার","","TK. 180","TK. 126"
﻿"Father of The Nation His Life and Achievements","আল্লামা ইব্‌নে কাছীর রহ.","","","TK. 300"
﻿"জাদুঘর পাতা আছে এই এখানে","কিশোর পাশা ইমন","","TK. 500","TK. 375"
﻿"আদিম প্রবৃত্তি","আমের আহমেদ","","TK. 160","TK. 112"
﻿"সময়","হাসান তারেক চৌধুরী","","TK. 399","TK. 299"
﻿"কাফকা অন দ্য শোর","হারুকি মুরাকামি","","TK. 400","TK. 300"
﻿"জীবন্ত শহীদ : সোলাইমানী হত্যার নেপথ্য কাহিনী","প্রমিত হোসেন","","TK. 280","TK. 210"
﻿"দ্য মিরাকল মর্নিং","হ্যাল এলরড","","TK. 250","TK. 188"
﻿"ইয়ুথ প্রবলেম","শায়খ মুহাম্মাদ ইবন সালিহ আল উথাইমিন","","TK. 100","TK. 70"
﻿"মরুভূমির রাজা","আলী আহমাদ মাবরুর","","TK. 90","TK. 63"
﻿"মনোজবাবুদের বাড়ি","হরিশংকর জলদাস","","TK. 200","TK. 150"
﻿"নিষিদ্ধ গল্প","শহীদুল ইসলাম","","TK. 296","TK. 222"
﻿"সেফটিপিন","মেহেদী রিয়াদ","","TK. 160","TK. 120"
﻿"জানালার জোনাকিরা","অনন্যা মাহমুদ","","TK. 600","TK. 450"
﻿"দ্য বয় অ্যাট দি টপ অফ দি মাউন্টেইন","জন বয়েন","","TK. 220","TK. 154"
﻿"প্রেসিডেন্ট মুরসি: আরব বসন্ত থেকে শাহাদাত","ওয়াহিদ জামান","","TK. 180","TK. 135"
﻿"শতাব্দীর অগ্নিপুরুষ শেখ মুজিব","শাহজাহান আবদালী","","TK. 200","TK. 150"
﻿"Bongobondhupedia","মুনতাসীর মামুন","","","TK. 275"
﻿"দ্য লাস্ট মাইল","ডেভিড বালড্যাচি","","TK. 460","TK. 345"
﻿"সিগমা ফোর্স ক্রুসিবল","জেমস রোলিন্স","","TK. 520","TK. 312"
﻿"নিখোঁজ সংবাদ","নিলয় সুন্দরম","","TK. 210","TK. 158"
﻿"বাস্তি","ইনতেজার হুসেইন","","TK. 400","TK. 300"
﻿"দ্বিতীয় অধ্যায় ","আশিকা জামান","","TK. 375","TK. 281"
﻿"প্যাকেট নিয়ে পাগলামি","মোস্তফা মামুন","","TK. 200","TK. 150"
﻿"ডটার অব স্টোন ফরেস্ট","সেলিম সোলায়মান","","TK. 240","TK. 180"
﻿"হরবোলা","দিবাকর দাস","","TK. 240","TK. 168"
﻿"ঔপনিবেশিকতার ছায়ায় বাংলাদেশ","প্রশান্ত ত্রিপুরা","","TK. 450","TK. 338"
﻿"গৌড়ের ইতিহাস: হিন্দুরাজত্ব ও মুসলমান-রাজত্ব (অখণ্ড)","শ্রীরজনীকান্ত চক্রবর্ত্তী","","TK. 750","TK. 563"
﻿"দ্য প্রোডাক্টিভ মুসলিম","মোহাম্মদ ফারিস ","","TK. 320","TK. 240"
﻿"বাঙালির জাপান আবিষ্কার","মহিউদ্দীন আহ্‌মেদ","","TK. 200","TK. 150"
﻿"জবাইঘর","হাসান মাহবুব","","TK. 320","TK. 240"
﻿"অদ্বিতীয়া","মিশু মনি","","TK. 200","TK. 150"
﻿"ফাইনম্যান ডায়াগ্রাম","সাকিবুল ইসলাম","","TK. 180","TK. 135"
﻿"শ্রেষ্ঠ কবিতাসমগ্র","জীবনানন্দ দাশ","","TK. 300","TK. 150"
﻿"সেই দুটি চোখ","সমারসেট মম","","TK. 200","TK. 150"
﻿"হাতেকলমে বিজ্ঞান","সৌমিত্র চক্রবর্তী","","TK. 325","TK. 244"
﻿"বুবাই","ফারহানা আহমেদ","","TK. 200","TK. 150"
﻿"কাঙালের সংলাপ","তকিব তৌফিক","","TK. 150","TK. 113"
﻿"কারবালা ও হজরত ইমাম হোসাইন (আ.)-এর শাহাদাত","সাইয়েদ ইবনে তাউস","","TK. 250","TK. 188"
﻿"শিক্ওয়া জওয়াবে শিক্ওয়া","আল্লামা মুহাম্মদ ইকবাল","","TK. 300","TK. 225"
﻿"মোহভঙ্গ : দুনিয়াসক্তি কাটাবেন যেভাবে","ইবনু কুদামা মাকদিসি","","TK. 140","TK. 105"
﻿"প্রেমের কবিতা","সাইয়েদ জামিল ","","TK. 210","TK. 158"
﻿"বিবর্ণ পাহাড়","মঙ্গল কুমার চাকমা","","TK. 645","TK. 484"
﻿"ল্যাবিরিন্থ","কেট মস","","TK. 550","TK. 385"
﻿"চাঁদের পাহাড়","বিভূতিভূষণ বন্দ্যোপাধ্যায়","","TK. 150","TK. 113"
﻿"ইন্দ্রলিপি","মুশফিক উস সালেহীন","","TK. 460","TK. 322"
﻿"নরক নন্দিনী","নিশাত তাবাসসুম প্রাপ্তি","","TK. 200","TK. 150"
﻿"আমি কওমীওয়ালা","মুস্তাফিজ ইবনে আনির","","TK. 300","TK. 210"
﻿"দ্য আর্কিটেক্ট’স অ্যাপ্রেন্টিস","এলিফ শাফাক","","TK. 460","TK. 322"
﻿"রিযক","কায়সার আহমদ","","TK. 220","TK. 154"
﻿"ত্রিকোণমিতা","জয়নাল আবেদীন","","TK. 320","TK. 224"
﻿"স্ন্যাপশট","ব্রান্ডন স্যান্ডার্সন","","TK. 220","TK. 154"
﻿"স্মার্ট  হায়াতি","আহসানুল আজিম শাহ","","TK. 200","TK. 150"
﻿"মজার গণিত শেখা-১ (মানসাঙ্কসহ)","রেইনবো পাবলিকেশন্স","","TK. 110","TK. 83"
﻿"চিলিংহ্যাম দুর্গে আতঙ্ক","অরুণ কুমার বিশ্বাস","","TK. 375","TK. 281"
﻿"চন্দ্রলেখা","আবদুল্লাহ আল ইমরান","","TK. 470","TK. 353"
﻿"এক্সেকিউটিভ টু এক্সেকিউটিভ ডিরেক্টর","নজর-ই-জ্বিলানী","","TK. 400","TK. 300"
﻿"কালের সংক্ষিপ্ত ইতিহাস","স্টিফেন হকিং","","TK. 230","TK. 161"
﻿"প্রাকৃতিক বৈচিত্রে্যর লীলাভূমি: কানাডা","ডা. শুভাগত চৌধুরী","","TK. 225","TK. 169"
﻿"হৃদ মাঝারে রাখিব","আদনীন কুয়াশা ","","TK. 400","TK. 300"
﻿"মনের যত্ন","রাউফুন নাহার","","TK. 300","TK. 225"
﻿"চৈতালি বাতাসে","তাহমিনা সুলতানা তানি","","TK. 280","TK. 210"
﻿"বঙ্গবন্ধু : স্মৃতি সত্তা ভবিষ্যৎ","সৈয়দ শামসুল হক","","TK. 300","TK. 225"
﻿"হোমো সেপিয়েন্স","নাজমুল হাসান","","TK. 270","TK. 203"
﻿"মার্ডার ইন এ মিনিট","সৌভিক ভট্টাচার্য","","TK. 300","TK. 225"
﻿"ছায়াময়","নিলয় নন্দী","","TK. 190","TK. 143"
﻿"তিন গোয়েন্দা ভলিউম-১৫০","শামসুদ্দীন নওয়াব","","TK. 101","TK. 76"
﻿"শেখ সাদী (রহ.)-এর গল্প (চিরকালের সেরা উপদেশমূলক)","আল্লামা শেখ সাদী (রহঃ)","","TK. 250","TK. 130"
﻿"চেজ","জেমস প্যাটারসন","","TK. 120","TK. 84"
﻿"কৃষি ও কৃষকের বঙ্গবন্ধু","ড. শামসুল আলম","","TK. 200","TK. 150"
﻿"চিরকুট","ফাতিমা আফরিন","","TK. 250","TK. 188"
﻿"মাইটি পাঞ্চ স্টুডিওস: সাবাশ (ভলিউম- ২)","সামির আসরান রহমান","","TK. 299","TK. 284"
﻿"কালো মেয়ের কালো চশমা","নার্গিস আখতার কণক","","TK. 125","TK. 94"
﻿"Legend","সাদ ইসলাম","","TK. 200","TK. 150"
﻿"দি গড অব স্মল থিংকস","অরুন্ধতী রায়","","TK. 300","TK. 150"
﻿"মাইনী নদীর বাঁকে","বন্যা হোসেন","","TK. 545","TK. 409"
﻿"স্বপ্নবাজি","রাহনূমা পারভীন","","TK. 296","TK. 222"
﻿"ওয়ার্ল্ড’স গ্রেটেস্ট সায়েন্স ফিকশন","স্যার আর্থার কোনান ডোয়েল","","TK. 300","TK. 225"
﻿"মিশন সুপারবাগ","শাহাদ সাইফ খন্দকার","","TK. 150","TK. 113"
﻿"নারীজনম","সুমন কুমার","","TK. 300","TK. 225"
﻿"জিগোলো","মালিহা তাবাসসুম","","TK. 270","TK. 203"
﻿"রবির মা","শেখ সাদী","","TK. 300","TK. 225"
﻿"অন্তর মম বিকশিত কোর ","নীলুফার আখতার","","TK. 150","TK. 113"
﻿"জীবন গড়ার কথামালা","সালেহ আহমদ শামী","","TK. 180","TK. 108"
﻿"সুলতান আবদুল হামিদ","ড. আলি মুহাম্মাদ সাল্লাবি ","","TK. 270","TK. 203"
﻿"পালকের ব্লাউজ","শিপা সুলতানা","","TK. 180","TK. 135"
﻿"হ্যাঁ","মোহিত কামাল","","TK. 300","TK. 225"
﻿"দুর্ধর্ষ","কাজী নাঈম","","TK. 270","TK. 203"
﻿"গল্পসমগ্র ","আহমদ ছফা","","TK. 300","TK. 225"
﻿"পলাতক তুফান","আচার্য জগদীশচন্দ্র বসু","","TK. 100","TK. 75"
﻿"অন্তরগঙ্গা","গোলাম রাব্বানী","","TK. 300","TK. 225"
﻿"তোমার আমার গল্প","আর জে উদয়","","TK. 200","TK. 150"
﻿"আরবান লেজেন্ডস (দ্বিতীয় চ্যাপ্টার)","লুৎফুল কায়সার","","TK. 220","TK. 154"
﻿"সিয়ার-উল-মুতাখখিরিন ২: আলিবর্দি খান ও সিরাজ-উদ-দৌলার বাংলা-বিহার-উড়িষ্যা","সৈয়দ গোলাম হোসেন খান তবাতবায়ি","","TK. 1,400","TK. 1,050"
﻿"খুশবন্তনামা","খুশবন্ত সিং","","TK. 200","TK. 150"
﻿"ম্যাচের আগের দিন","মোস্তাফা মামুন","","TK. 250","TK. 188"
﻿"সব গল্পের নাম হয় না ","আফরোজা আক্তার ","","TK. 400","TK. 300"
﻿"মোটিভেশন প্লাস","শামছুল হক রাসেল  ","","TK. 270","TK. 203"
﻿"পুঁজিবাদ এক ভৌতিক গল্প","অরুন্ধতী রায়","","TK. 175","TK. 131"
﻿"থাগস অব হিন্দুস্থান ও দ্য বডিগার্ড","এমিলিও সালগ্যারির","","TK. 175","TK. 131"
﻿"গল্পে আঁকা জ্ঞান","আবু সা’আদ","","TK. 150","TK. 90"
﻿"দ্য স্টোরি অব আলিবাবা অ্যান্ড দ্য ম্যানেজমেন্ট স্টাইল অব জ্যাক ম্যা","মোহাম্মদ আবদুল লতিফ","","TK. 200","TK. 150"
﻿"ব্যবসার স্বপ্ন থেকে স্বপ্নের ব্যবসা","মুনির হাসান খান","","TK. 400","TK. 300"
﻿"লাইফ কোচ (১ম খণ্ড)","আলামিন মোহাম্মদ","","TK. 255","TK. 191"
﻿"একজন অভ্র এবং জনৈক পিতা  ","আবুল ফাতাহ","","TK. 160","TK. 120"
﻿"সান্তা ফের আর্ট ডিস্ট্রিক্ট ও মুনলাইট ক্যাম্পফায়ার","মঈনুস সুলতান","","TK. 300","TK. 225"
﻿"ফ্রম এমটিভি টু মক্কা ","ক্রিস্টিয়ানা বেকার","","TK. 500","TK. 375"
﻿"আছে এবং নাই","কিযী তাহনিন","","TK. 290","TK. 218"
﻿"ঊনগল্প","শারমিন মুস্তারী","","TK. 160","TK. 120"
﻿"শিশুর যত্নে মায়ের জিজ্ঞাসা","ডা. লুনা পারভীন","","TK. 267","TK. 200"
﻿"লাল দালান","নারায়ণ চন্দ্র দেবনাথ","","TK. 100","TK. 75"
﻿"লালামামা, দ্য গ্রেট","ফরহাদ খুররম","","TK. 150","TK. 113"
﻿"১৩ থেকে ২৫","হিজবুর রহমান জীবন","","TK. 200","TK. 140"
﻿"মেঘবালিকার দেশে","সুশান্ত সরকার","","TK. 300","TK. 225"
﻿"মায়াডোর","সারা বুশরা দ্যুতি","","TK. 200","TK. 150"
﻿"মন মুকুরের ভেলা","মাহমুদ রেজা","","TK. 222","TK. 167"
﻿"খুন করার পর তাকে ভালোবেসে ফেলি","ইন্দ্রজিৎ সরকার","","TK. 330","TK. 231"
﻿"শায়খ আবদুল কাদির জিলানি রাহ.","ড. শায়খ আলি মুহাম্মাদ সাল্লাবি","","TK. 200","TK. 150"
﻿"লাবনী পয়েন্ট","জে. আলী","","TK. 200","TK. 150"
﻿"বাসবো না আর ভালো","মুহাম্মাদ শাকিল হোসাইন","","","TK. 40"
﻿"কপিক্যাট মার্কেটিং ১০১","বার্ক হেজেস","","TK. 150","TK. 105"
﻿"মুখোশের অন্তরালে","নাজমুল চৌধুরী","","TK. 300","TK. 225"
﻿"নিষিদ্ধ ভ্রমণ","প্রমিত হোসেন","","TK. 300","TK. 225"
﻿"মাইটি পাঞ্চ স্টুডিওস: সাবাশ (ভলিউম- ১)","সামির আসরান রহমান","","TK. 299","TK. 284"
﻿"ক্রান্তিকাল","জসীমুদ্দিন মাসুম","","TK. 400","TK. 300"
﻿"মাফলার","ইশতিয়াক আহমেদ","","TK. 120","TK. 90"
﻿"আপনার সমীপে যাহা বলিতে চাই","ইবাদ বিন সিদ্দিক","","TK. 150","TK. 113"
﻿"মায়া","সাকিব হাসান রুয়েল","","TK. 150","TK. 105"
﻿"ফেইলিওর ইন সেলস : বিক্রয়চেষ্টা ব্যর্থ হওয়ার কারণ ও প্রতিকার","মো. আব্দুল হামিদ","","TK. 270","TK. 203"
﻿"ধরণির পথে পথে","জিয়াউল হক","","TK. 350","TK. 245"
﻿"আনন্দলোকে","রাশেদুল ফরহাদ","","TK. 200","TK. 150"
﻿"রাত বলেছে যাই","আহমেদ ইশতিয়াক ","","TK. 160","TK. 120"
﻿"দেশাত্ববাদ","রোকন রকি","","TK. 250","TK. 188"
﻿"মাহাথির এবং মালয়েশিয়া","রাহমান চৌধুরী","","TK. 650","TK. 488"
﻿"বদলে যাচ্ছি আমি","কালী প্রসন্ন দাস","","TK. 100","TK. 75"
﻿"অতিলৌকিক ","রুমানা বৈশাখী","","TK. 200","TK. 150"
﻿"বুদ্ধি বিকাশের গল্প-৪","আবুল বাশার ফিরোজ","","TK. 167","TK. 125"
﻿"ছোটদের বঙ্গবন্ধু","মোঃ আবুল কালাম আজাদ","","TK. 200","TK. 140"
﻿"গুমের রাজনীতি এবং খাসোগি","মারুফ মল্লিক","","TK. 240","TK. 180"
﻿"স্টোরিজ অফ ইয়োর লাইফ এন্ড আদার্স","টেড শিয়াং","","TK. 320","TK. 240"
﻿"জেফ বেজস","জে. আর. ম্যাকগ্রেগর","","TK. 200","TK. 150"
﻿"নব প্লাবন","ফরিদ উদ্দিন ","","TK. 262","TK. 197"
﻿"পদ্মা সেতু","মোঃ এনায়েত চৌধুরী","","TK. 180","TK. 135"
﻿"তিন অপরূপা","আনিসুল হক","","TK. 600","TK. 450"
﻿"ছোবল","মাকসুদা আখতার প্রিয়তী","","TK. 400","TK. 300"
﻿"সাংবাদিকতা রাত বিরাতে","মাহফুজুর রহমান (সম্পাদক)","","TK. 250","TK. 188"
﻿"মালালা উই আর ডিসপ্লেসড","মালালা ইউসূফজাই","","TK. 260","TK. 195"
﻿"নাট্যঞ্জন : অঞ্জন দত্ত’র নাট্যজীবন","সাজ্জাদ হুসাইন","","TK. 1,000","TK. 750"
﻿"স্কুল ব্যাংকিং","ড. মাহমুদ আহমদ","","TK. 70","TK. 53"
﻿"ঘুম নিয়ে কিছু কথা","হুমায়ূন কবির  ","","TK. 200","TK. 150"
﻿"নামায বিশ্বকোষ (২টি ভলিয়ম সেট )","মুফতী মুহাম্মদ ইনআমুল হক কাসেমী","","TK. 1,200","TK. 720"
﻿"কিশোর মুসা রবিন সমগ্র-৫","রকিব হাসান","","TK. 300","TK. 225"
﻿"অপারেশন ফ্লোরিডা","রকিব হাসান","","TK. 150","TK. 113"
﻿"কিং সায়মনের রাজত্ব","নসীম হিজাযী","","TK. 220","TK. 154"
﻿"লাভিং ওয়াইফ","জাকারিয়া মুস্তাফি","","TK. 105","TK. 79"
﻿"বাটুল শাহ","ধ্রুব নীল","","TK. 100","TK. 75"
﻿"অরণ্যের দিন অরণ্যের রাত","লুনা নুসরাত","","TK. 296","TK. 222"
﻿"বাংলাদেশের রকগাথা: আজম খানের উত্তরাধিকার","মাকসুদুল হক","","TK. 400","TK. 300"
﻿"নগরে সমুদ্র","মাহতাব হোসেন","","TK. 250","TK. 188"
﻿"বেগমের কূটনৈতিক মিশন ও অন্যান্য","মাহবুব আলম","","TK. 300","TK. 225"
﻿"ইংরেজি ভাষার সহজ পাঠ","প্রতিভা রাণী কর্মকার ","","TK. 300","TK. 225"
﻿"যে গল্পের শেষ নেই শুরুও ছিল না","আল মাহমুদ","","TK. 315","TK. 236"
﻿"মায়ের গোপন ডায়রি","মোহাম্মদ হোসেন","","TK. 270","TK. 203"
﻿"নুড়ি পাথরের দ্বীপ","আবু সা’আদ","","TK. 180","TK. 108"
﻿"ইন দ্য মিসো স্যুপ","রিউ মুরাকামি","","TK. 270","TK. 189"
﻿"এপোথিওসীস","আতাউর রহমান সিহাব","","TK. 482","TK. 362"
﻿"দ্য লজ অফ হিউম্যান নেচার","রবার্ট গ্রীনে","","TK. 500","TK. 375"
﻿"রিফাতের অদ্-ভূত বন্ধু","সুমন্ত আসলাম","","TK. 180","TK. 135"
﻿"স্মৃতির পথরেখায়","রফিকুন নবী","","TK. 350","TK. 263"
﻿"কাব্যকথার ক্যানভাস-২","মঞ্জুর চৌধুরী","","TK. 320","TK. 240"
﻿"ফিজিক্স অলিম্পিয়াড","অজয় চক্রবর্তী","","TK. 300","TK. 225"
﻿"Battling Depression","গোলাম সামদানি ডন","","TK. 270","TK. 203"
﻿"কঠিন পশ্চিম","ইসমাইল আরমান","","TK. 129","TK. 97"
﻿"তৃষ্ণাতুর ফেব্রুয়ারী 2020","নির্মল বাংলাদেশ","","TK. 250","TK. 188"
﻿"আঁধারের কাছে","সাদিয়া সিদ্দিকা","","TK. 150","TK. 113"
﻿"দ্য গোল্ডেন কম্পাস","ফিলিপ পুলম্যান","","TK. 375","TK. 281"
﻿"মহাভারত : প্রাচ্যের ভাববাদী দর্শন, ধর্ম, নৈতিকতা ও সংস্কৃতি","ড. রহমান হাবিব","","TK. 250","TK. 188"
﻿"তুর পাহাড়ের দেশে : তোমার খোঁজে আমি","মাওলানা যুলফিকার আহমদ নকশবন্দী","","TK. 60","TK. 45"
﻿"অঙ্ক যত মজা তত","কমল চক্রবর্তী","","TK. 130","TK. 91"
﻿"বিশ্বায়ন, সাংস্কৃতিক আগ্রাসন ও গণমাধ্যম","মঈনুল ইসলাম","","TK. 400","TK. 300"
﻿"লা মিজারেবল","ভিক্টর হুগো","","TK. 700","TK. 525"
﻿"ভূতের বাড়ি ভূতের গলি","নাসিরুদ্দীন তুসী","","TK. 100","TK. 75"
﻿"কপিকাট মার্কেটিং","বার্ক হেজেস","","TK. 200","TK. 150"
﻿"অসুখপাখি","সোহেল নওরোজ","","TK. 250","TK. 188"
﻿"অনুরাগ শাস্ত্র","দেব মজুমদার","","TK. 400","TK. 300"
﻿"তুফান-২ রাজ্যছাড়া","আসিফুর রহমান","","TK. 180","TK. 135"
﻿"পৃথিবী সেরা সমকালীন কবিদের কবিতা","আমিনুর রহমান","","TK. 750","TK. 563"
﻿"জীববিজ্ঞানের জন্য ভালোবাসা","অতনু চক্রবর্ত্তী","","TK. 180","TK. 135"
﻿"আমার রবীন্দ্রযাপন","হাসান আজিজুল হক","","TK. 275","TK. 206"
﻿"সভ্যতার এপিঠ ওপিঠ","মাওলানা মুহাম্মদ আবদুল্লাহ খান ","","TK. 220","TK. 165"
﻿"দি প্রফেট (স.)","আরিফ মঈনুদ্দীন","","TK. 280","TK. 210"
﻿"হাইস্কুল ডায়েরি","নিগার ইশরাত ","","TK. 270","TK. 203"
﻿"শহীদুল জহির গল্পসমগ্র","মোহাম্মদ আব্দুর রশীদ","","TK. 695","TK. 521"
﻿"জ্যোৎস্নার নীল নীড়","শারমিন আক্তার সেজ্যোতি","","TK. 450","TK. 338"
﻿"মেঘ পিয়নের ব্যাগ","মিম্‌মি রহমান","","TK. 200","TK. 150"
﻿"বাজি ","ফাতিমা রুমি","","TK. 330","TK. 248"
﻿"গুপ্তবাবুর গুপ্তধন লজিক লাবু ৪ ","পলাশ মাহবুব","","TK. 180","TK. 135"
﻿"দ্য ব্রিদিং মেথড","স্টিফেন কিং","","TK. 200","TK. 140"
﻿"ইয়োর নেম (অ্যান ইলাস্ট্রেটেড ভার্সন)","মাকোতো শিনকাই","","TK. 290","TK. 203"
﻿"নগরের কবি চলে অভিসারে","রোমেন রায়হান","","TK. 175","TK. 131"
﻿"পরেশের বউ","ধ্রুব এষ","","TK. 165","TK. 124"
﻿"বাতায়ন পরে প্রিয়দর্শিনী","ডা. কবির আলম","","TK. 250","TK. 188"
﻿"মার্কেজের পুতুল ও অন্যান্য গল্প","কুলদা রায়","","TK. 400","TK. 300"
﻿"মিস্টার টী ও প্রেমময় বুলডোজার","আবু মুস্তাফিজ","","TK. 100","TK. 75"
﻿"নেইলকাটার","ইশতিয়াক আহমেদ","","TK. 120","TK. 90"
﻿"ডেথ সার্টিফিকেট","ইশতিয়াক আহমেদ","","TK. 120","TK. 90"
﻿"বদিউজ্জামান সাঈদ  নুরসি এবং রিসালায়ে নুর","মুহাম্মাদ ইরফান হাওলাদার","","TK. 350","TK. 245"
﻿"ইরাক যুদ্ধ পরবর্তী আন্তর্জাতিক রাজনীতি","ড. তারেক শামসুর রেহমান","","TK. 250","TK. 188"
﻿"ভারত মহাসাগর ভারত-চীন দ্বন্দ্ব","ড. তারেক শামসুর রেহমান","","TK. 350","TK. 263"
﻿"সবার জন্য আইনস্টাইন","প্রদীপ দেব","","TK. 400","TK. 300"
﻿"আসক্তিকে না বলুন","শাইখ মুহাম্মাদ সালেহ আল-মুনাজ্জিদ","","TK. 200","TK. 120"
﻿"নিত্য মাইডাস","সাঈদ শিহাব","","TK. 180","TK. 126"
﻿"শিন্টু ধর্মাবলম্বী রাজা সবুজ ভদ্রমহিলা এবং একজন অভদ্র সামুকামী ","আবু মুস্তাফিজ","","TK. 180","TK. 135"
﻿"গুগলে তথ্য খোঁজার ১০১টি কৌশল","সাব্বির বিশ্বাস","","TK. 160","TK. 120"
﻿"দৃষ্টি - শয়তানের বিষাক্ত তির","শাইখ আব্দুল মালিক আল কাসিম","","TK. 112","TK. 84"
﻿"হুইলচেয়ার","মিমি হোসেন","","TK. 215","TK. 161"
﻿"৮০০ গানের সংকলন","মাসুদ করিম ","","TK. 1,000","TK. 750"
﻿"গেম অব থ্রোনস (ইন্টারন্যাশনাল বেস্টসেলার ফ্যান্টাসি-অ্যাডভেঞ্চার)","জর্জ আর. আর. মার্টিন","","TK. 400","TK. 300"
﻿"কোয়ান্টাম মেকানিক্স","ড. গোলাম মোহাম্মদ ভূঞা","","TK. 400","TK. 364"
﻿"কিশোর মুসা রবিন: শয়তানের বাঁশি","রকিব হাসান","","TK. 175","TK. 131"
﻿"প্রবৃত্তির অনুসরণ করবেন না","শাইখ মুহাম্মাদ বিন সালেহ আল মুনাজ্জিদ","","TK. 200","TK. 120"
﻿"দ্য নাইট ইন লিসবন","এরিখ মারিয়া রেমার্ক","","TK. 350","TK. 263"
﻿"আছে তো দেহখানি","হরিশংকর জলদাস","","TK. 200","TK. 150"
﻿"এখানে জাদু শেখানো হয়","মুরাদুল ইসলাম","","TK. 550","TK. 413"
﻿"ভালোবাসার ষড়ভুজ","উপমা তালুকদার ","","TK. 270","TK. 203"
﻿"চন্দ্রযান","গিয়াস আহমেদ","","TK. 360","TK. 270"
﻿"গল্পের গল্প","হরিশংকর জলদাস","","TK. 200","TK. 150"
﻿"সুখেদুখে বৃষ্টিনদী","ইমতিয়ার শামীম","","TK. 250","TK. 188"
﻿"১৯৭১ গণনির্যাতন-গণহত্যা : কাঠামো, বিবরণ ও পরিসর","আফসান চৌধুরী","","TK. 400","TK. 300"
﻿"ইশপের ১০০ গল্প","আখতার হুসেন","","TK. 250","TK. 188"
﻿"সুলতান সুলায়মান","কাজী আবুল কালাম সিদ্দীক","","TK. 340","TK. 255"
﻿"হাসিসমগ্র","আনিসুল হক","","TK. 650","TK. 488"
﻿"কাকাবাবু সমগ্র-১","সুনীল গঙ্গোপাধ্যায় (নীললোহিত)","","TK. 650","TK. 488"
﻿"লেখা নিয়ে কথা","শাহাদুজ্জামান","","TK. 280","TK. 210"
﻿"মাধুডাঙাতীরে ","হাসান রোবায়েত","","TK. 130","TK. 98"
﻿"এসেনশিয়াল রেফারেন্সস্ ফর অ্যাডভোকেটস অ্যান্ড জাজেস","আরিফ খান","","TK. 300","TK. 210"
﻿"অসহযোগ আন্দোলন থেকে স্বাধীনতা","তোফায়েল আহমেদ","","TK. 200","TK. 150"
﻿"রোহিঙ্গা: নিঃসঙ্গ নিপীড়িত জাতিগোষ্ঠী","মোহাম্মদ এমদাদুল ইসলাম","","TK. 300","TK. 225"
﻿"রোড টু সাকসেস","নেপোলিয়ন হিল","","TK. 250","TK. 175"
﻿"ঘানি","রবিউল করিম মৃদুল","","TK. 550","TK. 413"
﻿"নাসিরুদ্দিন হোজ্জার শ্রেষ্ঠগল্প","মেরিনা আকতার মজুমদার","","TK. 200","TK. 150"
﻿"শেষের কবিতা","রবীন্দ্রনাথ ঠাকুর","","TK. 100","TK. 75"
﻿"ওয়ান মিনিট ম্যানেজার মিট দ্য মাংকি","কেনেথ ব্লেনচার্ড","","TK. 180","TK. 135"
﻿"পটল কাণ্ড","শাহাদাত চৌধুরী","","TK. 270","TK. 203"
﻿"প্যারাসাইট","অনীশ দাস অপু","","TK. 144","TK. 108"
﻿"বাছাই কৌতুক","কাজী মায়মুর হোসেন","","TK. 29","TK. 22"
﻿"বিভীষিকার রাত","অনীশ দাস অপু","","TK. 171","TK. 128"
﻿"আমার দীপেশ আবিষ্কার","শাহাদুজ্জামান","","TK. 200","TK. 150"
﻿"পার্মানেন্ট রেকর্ড","এডওয়ার্ড স্নোডেন","","TK. 350","TK. 263"
﻿"উপাচার্য উপাখ্যান","আবদুল বায়েস","","TK. 225","TK. 169"
﻿"ছোটদের মুক্তিযুদ্ধের ইতিহাস","অমল সাহা","","TK. 35","TK. 26"
﻿"ইউরোসেন্টিক","ফাহমিদুল হক","","TK. 247","TK. 185"
﻿"ইনভিজিবল প্ল্যানেটস","কেন লিউ","","TK. 375","TK. 281"
﻿"জীবন-তৃষা","অদ্বৈত মল্লবর্মণ","","TK. 650","TK. 488"
﻿"রুপাইতার রূপকথা ও অন্যান্য গল্প","আহমেদ জাকির","","TK. 150","TK. 113"
﻿"বুদ্‌বুদ পর্যায়ের কবিতা","টোকন ঠাকুর","","TK. 200","TK. 150"
﻿"টি-ব্রেকের গল্প","এ কে এম আব্দুল্লাহ","","TK. 280","TK. 210"
﻿"উষ্ণতার গণিত","রকিবুল হাসান","","TK. 150","TK. 113"
﻿"অবলা","মাহবুব নাহিদ","","TK. 200","TK. 150"
﻿"দ্য স্টোরি অব ডিজনি","ভ্যালেরি বোড্ডেন ","","TK. 160","TK. 120"
﻿"দ্য স্টোরি অব ফেসবুক","সারা গিলবার্ট","","TK. 160","TK. 120"
﻿"তোমার পরশে","মেহজাবিন মুন","","TK. 250","TK. 188"
﻿"নবীজির যুদ্ধজীবন : পাঠ ও পর্যালোচনা","ড. আলি মুহাম্মাদ সাল্লাবি ","","TK. 700","TK. 420"
﻿"গল্পের চেয়েও রোমাঞ্চকর (বাইশ বছরের গোপন জীবন)","দেবেন সিকদার","","TK. 400","TK. 300"
﻿"প্রিয় পঞ্চাশ গল্প","মোস্তফা কামাল","","TK. 600","TK. 450"
﻿"ডাহুকেরা ভিজে যায়","ইফতেখার মাছুম","","TK. 215","TK. 161"
﻿"পাথরকুচিমন","তোফায়েল তালহা","","TK. 120","TK. 90"
﻿"বানরের থাবা ও অন্যান্য গল্প","ইফতেখার আমিন","","TK. 250","TK. 188"
﻿"Muhammad in the Hindu Scriptures","ড. বেদ প্রকাশ উপাধ্যায়","","TK. 300","TK. 225"
﻿"পুতুল : বাংলার প্রাণ-প্রতিমা","সামিনা নাফিজ","","TK. 275","TK. 206"
﻿"ভূতপুরাণ","তারাশঙ্কর বন্দ্যোপাধ্যায়","","TK. 180","TK. 135"
﻿"Princess Colouring Book (Code- 40)","কিডস্‌ বুকস্‌","","TK. 130","TK. 91"
﻿"দখিনের দ্বীপ","শহিদুল ইসলাম","","TK. 210","TK. 158"
﻿"ঘুমন্ত ল্যাবরেটরি","সাইয়েদ জামিল ","","TK. 180","TK. 135"
﻿"রন্ধ্রে রন্ধ্রে করি সঞ্চালন","সাদী কাউকাব","","TK. 150","TK. 113"
﻿"মেঘে ঢাকা তারা বিস্মৃতির মেঘে ঢেকে যাওয়া বাঙালি বিজ্ঞানী (২য় খণ্ড) ","অতনু চক্রবর্তী","","TK. 200","TK. 150"
﻿"Passport to Smart Spoken English and Presentation","আবু ইউসুফ","","TK. 400","TK. 364"
﻿"দাঁড়কাক","শওকত হোসাইন","","TK. 280","TK. 210"
﻿"বুদ্ধি বিকাশের গল্প-১","আবুল বাশার ফিরোজ","","TK. 167","TK. 125"
﻿"বুদ্ধি বিকাশের গল্প-৩","আবুল বাশার ফিরোজ","","TK. 167","TK. 125"
﻿"সোনালি দিনের গল্প","হামমাদ রাগিব","","TK. 100","TK. 91"
﻿"অনিকেত প্রান্তর","সাজ্জাদ রহমান হ্যাভেন","","TK. 160","TK. 120"
﻿"কবিতাকলা ভবন","মৃদুল মাহবুব","","TK. 500","TK. 375"
﻿"জারুলবনে রক্তজবা","লুৎফর হাসান","","TK. 260","TK. 195"
﻿"বসনিয়ার মহানায়ক","সায়ীদ উসমান","","TK. 180","TK. 108"
﻿"জীয়নবিদ্যা","নাবিল মুহতাসিম","","TK. 200","TK. 150"
﻿"প্রলাপ কিংবা পঙক্তিমালা","সালমা সিদ্দিকী","","TK. 200","TK. 150"
﻿"রোবটিকসের মাস্টারপ্ল্যান","আবরার শাহরিয়ার স্বপ্নীল","","TK. 320","TK. 240"
﻿"আমার দেখা এরশাদ","সাঈদ তারেক","","TK. 400","TK. 364"
﻿"ধীরে নামে সন্ধ্যা","আশরাফুল ইসলাম (২)","","TK. 160","TK. 120"
﻿"বাংলার রহস্যময় স্থান","রাশিকুর রহমান রিফাত","","TK. 200","TK. 140"
﻿"প্রবাদের সঙ্গে কৌতুক ফ্রি","কাওছার মাহমুদ","","TK. 200","TK. 150"
﻿"কালীগুণীন ও ছয় রহস্য","সৌমিক দে","","TK. 350","TK. 245"
﻿"এখনো ঘোড়ার চাল বাকি","রিফাত হাসান","","TK. 290","TK. 203"
﻿"বাংলাদেশের ছাত্র আন্দোলনের ইতিহাস ( ১৯৭২ থেকে ২০০০ খ্রিস্টাব্দ) [ দ্বিতীয় অখণ্ড, অষ্টম খণ্ড থেকে ত্রয়োদশ খণ্ড)","ড. মোহাম্মদ হাননান","","TK. 2,000","TK. 1,500"
﻿"কালের কলধ্বনি","নূরে আলম সিদ্দিকী","","TK. 300","TK. 225"
﻿"ভালোবাসার রূপান্তর","কাজী এনায়েত উল্লাহ","","TK. 200","TK. 150"
﻿"দ্য ম্যান ফ্রম সেইন্ট পিটার্সবার্গ","কেন ফলেট","","TK. 300","TK. 225"
﻿"চব্বিশ ঘণ্টায় এক দিন","সানজিদা আয়েশা","","TK. 270","TK. 203"
﻿"অবগাহন তোমাতেই","তৌহিদুর রহমান","","TK. 200","TK. 150"
﻿"নক্ষত্রচূর্ণ","মুসা আল হাফিজ","","TK. 200","TK. 150"
﻿"হৃদয় হরণী","খান মোহাম্মদ রুবেল হোসেন","","TK. 150","TK. 113"
﻿"যাপিত জীবনের গল্পকথা","ফ্লোরা বন্যা","","TK. 185","TK. 139"
﻿"আদর্শলিপি","ইশতিয়াক আহমেদ","","TK. 150","TK. 113"
﻿"বৈদিক পাখির গান ","সাদিয়া মাহ্‌জাবীন ইমাম","","TK. 300","TK. 225"
﻿"প্রায় প্রেম ","তামিম ইয়ামীন","","TK. 140","TK. 105"
﻿"বাংলা কিংবদন্তী (দ্বিতীয় কিস্তি)","রুদ্র কায়সার","","TK. 260","TK. 182"
﻿"মেপে হাসুন চেপে হাসুন","কাজী সুলতানুল আরেফিন","","TK. 150","TK. 113"
﻿"কুহক-কথন","মুহম্মদ আলমগীর তৈমূর","","TK. 495","TK. 347"
﻿"হুজুর মিয়ার বউ","মুস্তাফিজ ইবনে আনির","","TK. 350","TK. 210"
﻿"মন বলে তুমি ফিরবে","রেদোয়ান মাসুদ ","","TK. 150","TK. 113"
﻿"সেরা ভূত","আহসান হাবীব (কার্টুনিস্ট)","","TK. 335","TK. 251"
﻿"কোথায় তারে পাই","মামুন মিজানুর রহমান","","TK. 250","TK. 188"
﻿"আধুনিক বিজ্ঞানের আলোকে সূরা ইয়াসিনের গুরুত্ব","প্রফেসর ড. এম শমশের আলী","","TK. 200","TK. 150"
﻿"কেচ্ছা","তানকিউল হাসান","","TK. 400","TK. 300"
﻿"১০০ বিজ্ঞানিদের জীবনী","সাদিকুর রহমান সোহাগ","","TK. 300","TK. 150"
﻿"ও টু","মোহাম্মদ সাইফূল ইসলাম","","TK. 325","TK. 244"
﻿"করতলে গোধূলি","জেরিন মোসফেকা","","TK. 222","TK. 167"
﻿"সাত ভাই চম্পা ও অন্যান্য গল্প","আনিসুল হক","","TK. 189","TK. 180"
﻿"জার অব হার্টস","জেনিফার হিলিয়ার ","","TK. 400","TK. 300"
﻿"সুস্বাস্থ্যে হোমিওপ্যাথিক চিকিৎসা","ডা. অনুপম চৌধুরী","","TK. 350","TK. 263"
﻿"পার্বত্য চট্টগ্রাম সমস্যা ও সমাধান [১৯৭২-১৯৯৮]","জিবলু রহমান","","TK. 450","TK. 338"
﻿"ফাঁসির মঞ্চে কর্ণেল তাহের : একটি অজানা কাহিনী","আনোয়ার কবির ","","TK. 375","TK. 281"
﻿"বইটাতে গল্প নেই","আল নাহিয়ান","","TK. 200","TK. 150"
﻿"মাও সে-তুঙ এর দেশে","মাওলানা ভাসানী","","TK. 180","TK. 135"
﻿"টোপ","ইমদাদুল হক মিলন","","TK. 200","TK. 150"
﻿"জেমস পটার অ্যান্ড দ্য হল অব এল্ডারস ক্রসিং","জি. নরম্যান লিপার্ট","","TK. 550","TK. 385"
﻿"লেটার ফ্রম পিকিং","পার্ল এস বাক","","TK. 330","TK. 248"
﻿"একাত্তরে এক বিন্দু শিশির","মিজানুর রহমান খান (বীর প্রতীক)","","TK. 300","TK. 225"
﻿"যারা স্বপ্ন দেখেছিল","ইমতিয়ার শামীম","","TK. 308","TK. 231"
﻿"পয়গম্বরের ভূমি","কাজী সাইফুল ইসলাম ","","TK. 350","TK. 263"
﻿"রেকর্ড ব্রেকিং সেলস চ্যাম্পিয়ন","মুনির হাসান খান","","TK. 400","TK. 300"
﻿"শ্রেষ্ঠ কিশোর উপন্যাস সমগ্র","শীর্ষেন্দু মুখোপাধ্যায়","","TK. 400","TK. 300"
﻿"মিয়ানমার ও আরাকান  থেকে মুক্তিযুদ্ধ","ড. জিতেন্দ্র লাল বড়ুয়া","","TK. 180","TK. 135"
﻿"পড়াশোনার যাদুকরি কৌশল","আপেল মাহমুদ","","TK. 100","TK. 75"
﻿"প্রিয়ন্তী","জিল্লুর রহমান","","TK. 200","TK. 150"
﻿"পারস্যের পাঁচ গোলাপ","মোস্তাক শরীফ","","TK. 200","TK. 150"
﻿"কে তুমি","সুমন্ত আসলাম","","TK. 225","TK. 169"
﻿"আকাশ আমায় ভরলো আলোয়","সৈয়দ হাসান ইমাম","","TK. 630","TK. 473"
﻿"বিষণ্ণ জোছনা","সাঈদ আজাদ","","TK. 600","TK. 450"
﻿"দ্যা নর্থ এন্ড","বর্ণালী সাহা","","TK. 295","TK. 221"
﻿"ভূমি ও জমাজমির আইন-কানুন","এড. মো: ইকবাল হোসেন","","TK. 300","TK. 225"
﻿"কসমিক লাইফ","কর্নেল মোঃ রাব্বি আহসান","","TK. 300","TK. 225"
﻿"লক্ষ্য","নিয়াজ আহমেদ","","TK. 270","TK. 203"
﻿"দাগ","জিল্লুর রহমান","","TK. 250","TK. 188"
﻿"সাগরের আতঙ্ক","অ্যাডাম ব্লেড","","TK. 80","TK. 60"
﻿"টুয়েলভ রুলস ফর লাইফ    ","জর্ডান পিটারসন","","TK. 400","TK. 300"
﻿"ম্যানেজিং টাইম","মোহাম্মদ আবদুল লতিফ","","TK. 180","TK. 135"
﻿"বিষাদের মা কান্তারা","হাসনাত শোয়েব","","TK. 180","TK. 135"
﻿"ফটোসাংবাদিকের নোটবুক","সুদীপ্ত সালাম","","TK. 225","TK. 169"
﻿"আমরা হেঁটেছি যারা ","ইমতিয়ার শামীম","","TK. 250","TK. 188"
﻿"ছোটদের ভাষা আন্দোলনের ইতিহাস","অমল সাহা","","TK. 35","TK. 26"
﻿"বৈজ্ঞানিক বস্তুবাদ","রাহুল সাংকৃত্যায়ন","","TK. 200","TK. 150"
﻿"কবি হইব","বরুণ সিকদার","","TK. 150","TK. 113"
﻿"গণিত আর গণিত","আব্দুল কাইয়ুম","","TK. 250","TK. 188"
﻿"বড় প্রশ্নের সংক্ষিপ্ত উত্তর","স্টিফেন হকিং","","TK. 270","TK. 203"
﻿"বঙ্গবন্ধুর নীতি নৈতিকতা","হাসান মোরশেদ","","TK. 350","TK. 263"
﻿"Our Beloved Sheikh Mujib ","সেলিনা হোসেন","","TK. 350","TK. 263"
﻿"চন্দ্রজয়ের ৫০ বছর","আবুল বাসার (সাংবাদিক)","","TK. 300","TK. 225"
﻿"আপত্তি সত্ত্বেও","আল মাসুম","","TK. 250","TK. 188"
﻿"বুঝে করি জ্যামিতি, সেকেন্ডারি-হায়ার সেকেন্ডারি-১ম খণ্ড","অনিরুদ্ধ প্রামাণিক ","","TK. 400","TK. 300"
﻿"ডুবোজাহাজের ডানা ","মোশতাক আহমদ","","TK. 134","TK. 101"
﻿"নো এক্সকিউজ","ব্রায়ান ট্রেসি","","TK. 500","TK. 375"
﻿"এই হাতে হাত রাখো","আব্দুল কাদের পলাশ","","TK. 100","TK. 75"
﻿"সিনডেরেলা","জোবায়ের আহমেদ","","TK. 60","TK. 42"
﻿"ট্রেজারি রূলস : ও তার অধীনে প্রণীত সাবসিডিআরি রূলস্ (সরকার অনুমোদিত)","প্রণব চক্রবর্তী","","TK. 690","TK. 518"
﻿"রাগ মিনতি (সহজ উচ্চাঙ্গ সঙ্গীত শিক্ষা)","শঙ্কর রায়","","TK. 250","TK. 188"
﻿"দ্য ফাইভ লাভ ল্যাংগুয়েজেস - দ্য সিক্রেট টু লাভ দ্যাট লাস্টস","গেরি চ্যাপম্যান","","TK. 270","TK. 189"
﻿"জননেত্রীর জয়যাত্রা-খণ্ড ১ : ১৯৮১-১৯৯০","আসিফ কবীর","","TK. 995","TK. 746"
﻿"আধুনিক যুগে পশ্চিম এশিয়া","এম এ কাউসার","","TK. 400","TK. 300"
﻿"শেখ হাসিনা উপখ্যান ও বাস্তবতা ","কামরুল হাসান","","TK. 800","TK. 600"
﻿"কার্ল মার্কসের দেশে","কাজী জাফরুল ইসলাম","","TK. 300","TK. 225"
﻿"বলধা গার্ডেনের গেরিলাকন্যা","আমিনুর রহমান সুলতান","","TK. 200","TK. 150"
﻿"সুবচন (সংক্ষিপ্ত বাংলা-ইংরেজি উদ্ধৃতি অভিধান)","কাজী মো. সিদ্দিকুর রহমান (এম.এ)","","TK. 495","TK. 450"
﻿"ঢাকার ইতিহাস চর্চা ও মুনতাসীর মামুন","রেহানা পারভীন","","TK. 400","TK. 300"
﻿"বিষণ্ণ দিনের রোজনামচা","আকতার জাভেদ","","TK. 185","TK. 139"
﻿"অক্ষরবন্দি জীবন","মোশতাক আহমদ","","TK. 250","TK. 188"
﻿"আমলাতন্ত্র ও আমার জীবন","সোহেল এ চৌধুরী","","TK. 500","TK. 375"
﻿"মায়াবৃত্ত","সাইফুল ইসলাম জুয়েল","","TK. 200","TK. 150"
﻿"গোয়েন্ডিস বাটন বক্স","স্টিফেন কিং","","TK. 175","TK. 131"
﻿"বিমানবন্দরে যাত্রী ও শুভরাত্রি ","মঈনুস সুলতান","","TK. 400","TK. 300"
﻿"কিশোর বিদ্রোহ ২০১৮ উই ওয়ান্ট জাস্টিস","সিরাজ উদ্দিন সাথী","","TK. 350","TK. 263"
﻿"বুদ্ধি বিকাশের গল্প-২","আবুল বাশার ফিরোজ","","TK. 167","TK. 125"
﻿"বুদ্ধি বিকাশের গল্প-৫","আবুল বাশার ফিরোজ","","TK. 167","TK. 125"
﻿"টিনেজ সাসপেন্স মেয়েরা সাবধান","নাসিম রেজা","","TK. 27","TK. 20"
﻿"শেষ পর্বের শুরু","মিনহাজ মঞ্জুর","","TK. 300","TK. 225"
﻿"ত্রিশ লক্ষ শহিদ : বাহুল্য নাকি বাস্তবতা ","আরিফ রহমান","","TK. 325","TK. 244"
﻿"মাকতুব","পাওলো কোয়েলহো","","TK. 140","TK. 105"
﻿"উভচর মানুষ","আলেক্সান্দার বেলায়েভ","","TK. 250","TK. 188"
﻿"এভরিথিং ইয ফাকড","মার্ক ম্যানসন","","TK. 300","TK. 180"
﻿"তুরস্কের প্রেসিডেন্ট এরদোয়ান: সফলতার রহস্য","ডক্টর এম এ আজীজ","","TK. 300","TK. 225"
﻿"অধিকারনামা","দেবব্রত ভৌমিক","","TK. 200","TK. 150"
﻿"সাচিকো","কারেন স্টেলসন","","TK. 320","TK. 240"
﻿"শ্যামাবউ","তাইমুর মাহমুদ শমীক","","TK. 180","TK. 135"
﻿"ছায়া সন্ধান","বাদল সৈয়দ","","TK. 300","TK. 225"
﻿"যে রাতে আমার স্ত্রী","আন্দালিব রাশদী","","TK. 210","TK. 158"
﻿"বিশ্বলোকের গল্প-২য় খণ্ড","তুহিন তালুকদার","","TK. 200","TK. 150"
﻿"নুপুর","রোমেল আশরাফ","","TK. 200","TK. 150"
﻿"একাকীত্ব","আল শাহরিয়ার শাওন","","TK. 160","TK. 120"
﻿"তিনমাথা সিংহ","অ্যাডাম ব্লেড","","TK. 110","TK. 83"
﻿"হ্যালসিয়ন-সায়েন্স ফিকশন","মুহম্মদ মনিরুল হুদা","","TK. 150","TK. 113"
﻿"অনুপস্থিত","ইফতেখার মাহমুদ","","TK. 175","TK. 131"
﻿"কীর্তিমানদের ছেলেবেলা","ড. মুহাম্মদ মুনশি কিনদিল","","TK. 120","TK. 90"
﻿"নির্বাচিত কবিতা","সুমন রহমান","","TK. 200","TK. 150"
﻿"তিতির মুরগি পালন ও খামার ব্যবস্থাপনা","ড. মোঃ জালাল উদ্দিন সরদার","","TK. 300","TK. 225"
﻿"জানা অজানা শেখ মুজিব","শফিক মনজু","","TK. 150","TK. 113"
﻿"চলচ্চিত্রকথা","তানভীর মোকাম্মেল","","TK. 280","TK. 210"
﻿"আমার বন্ধু জ্ঞানী তৈল সিং","আবু হেনা মোরশেদ জামান","","TK. 160","TK. 120"
﻿"জীবন সাজানোর গল্প  ","আরিফুল ইসলাম","","TK. 130","TK. 85"
﻿"ছবির দেশে কবিতার দেশে","সুনীল গঙ্গোপাধ্যায় (নীললোহিত)","","TK. 450","TK. 338"
﻿"জোহেনেসবার্গে জিঘাংসা !","অরুণ কুমার বিশ্বাস","","TK. 300","TK. 225"
﻿"জেরুসালেম প্রথম ক্রুসেড","সবুজ কবির","","TK. 150","TK. 113"
﻿"নভেম্বর ১৯৭৫","নজরুল সৈয়দ","","TK. 280","TK. 210"
﻿"শেষ পাণ্ডুলিপি","নজরুল ইসলাম","","TK. 300","TK. 225"
﻿"মেটামরফিক নিশীথে","আলী ওয়াহাব সৌহার্দ্য","","TK. 220","TK. 154"
﻿"হিরে মোতি পান্না ১","মাওলানা জুলফিকার আহমদ নকশবন্দী","","TK. 240","TK. 144"
﻿"হিরে মোতি পান্না ২","মাওলানা জুলফিকার আহমদ নকশবন্দী","","TK. 240","TK. 144"
﻿"হিরে মোতি পান্না ৪","মাওলানা জুলফিকার আহমদ নকশবন্দী","","TK. 240","TK. 144"
﻿"হিরে মোতি পান্না ৫","মাওলানা জুলফিকার আহমদ নকশবন্দী","","TK. 240","TK. 144"
﻿"হিরে মোতি পান্না ৬","মাওলানা জুলফিকার আহমদ নকশবন্দী","","TK. 240","TK. 144"
﻿"হিরে মোতি পান্না ৭","মাওলানা জুলফিকার আহমদ নকশবন্দী","","TK. 240","TK. 144"
﻿"হিরে মোতি পান্না ৩","মাওলানা জুলফিকার আহমদ নকশবন্দী","","TK. 240","TK. 144"
﻿"হিরে মোতি পান্না ৮","মাওলানা জুলফিকার আহমদ নকশবন্দী","","TK. 240","TK. 144"
﻿"বড় মেজ ছোট","শান্তনু চৌধুরী","","TK. 270","TK. 203"
﻿"উপমহাদেশের কৃষক বিদ্রোহ ","মনজুরুল হক","","TK. 700","TK. 525"
﻿"আ ফ্যালকন ফ্লাইজ (২য় খণ্ড)","উইলবার স্মিথ","","TK. 350","TK. 210"
﻿"বুকপকেটে রবীন্দ্রনাথ","রবীন্দ্রনাথ ঠাকুর","","","TK. 2,500"
﻿"নন্দিতা পরিবহণ","ইশতিয়াক আহমেদ","","TK. 120","TK. 90"
﻿"বাংলাদেশ ১৯৭১ গণহত্যা-নির্যাতনের রাজনীতি","মুনতাসীর মামুন","","TK. 250","TK. 188"
﻿"সংগঠন ও বাঙালি","আবদুল্লাহ আবু সায়ীদ","","TK. 150","TK. 113"
﻿"আমি ইয়াসিন আমি বোরো ধান","বিজয় আহমেদ","","TK. 134","TK. 101"
﻿"তিন খাবারের সমন্বয় সুস্থ থাকার বিস্ময়","মো: ফিরোজ জামান","","TK. 300","TK. 225"
﻿"অলিম্পিয়াড লড়তে হলে কতটা জানো পদার্থবিজ্ঞান - ১ম খণ্ড","সৌমেন সাহা","","TK. 400","TK. 300"
﻿"রাশিয়ার পরিব্রাজক -১ম খন্ড","প্রসূন রায়","","TK. 350","TK. 263"
﻿"পোমোদোরো টেকনিক","মো. বশির আহমদ","","TK. 200","TK. 150"
﻿"সায়েন্স ফিকশন সমগ্র","আসিফ মেহ্‌দী","","TK. 500","TK. 375"
﻿"সক্রেটিস জীবনচরিত্ ও উপদেশ","শ্রীরজনীকান্ত গুহ","","TK. 900","TK. 675"
﻿"বাংলাদেশে পাকিস্তানিদের যুদ্ধাপরাধ ও প্রেসিডেন্ট নিক্সন - ড. কিসিঞ্জারের দায়","ড. নূরুন নবী","","TK. 225","TK. 169"
﻿"অহিংশের খেল","মোঃ ফুয়াদ আল ফিদাহ","","TK. 200","TK. 150"
﻿"দ্য গার্ল ইন দি আইস","রবার্ট ব্রাইনযা","","TK. 375","TK. 263"
﻿"আলোর স্বপ্নযাত্রা","লেফটেন্যান্ট কর্নেল সৈয়দ নাজমুর রহমান","","TK. 150","TK. 105"
﻿"ওল্ড স্পাইস নর্থ স্টার ও অন্যান্য","সেলিম সোলায়মান","","TK. 300","TK. 225"
﻿"দূর গ্রহের নিগি (লো সিরিজ-৫)","মোশতাক আহমেদ","","TK. 100","TK. 75"
﻿"লোকমান হাকীমের কবিরাজী ও হাকীমী চিকিৎসা (সাদা)"," حكيم الامت مولانا اشرف علي تهانوي رح  ( হাকীমুল উম্মত মাওলানা আশরাফ আলী থানভী রহ.)","","TK. 230","TK. 138"
﻿"কবি সাবধান ","শামীম আহমেদ পলাশ","","TK. 220","TK. 132"
﻿"রবীন্দ্রনাথের নারী-ভাবনা","গোলাম মুরশিদ","","TK. 350","TK. 263"
﻿"দি কোম্পানি অব ওম্যান (প্রমীলা সংসর্গ)","খুশবন্ত সিং","","TK. 300","TK. 225"
﻿"ম্যাথ কোয়েস্ট","সৌমেন সাহা","","TK. 300","TK. 225"
﻿"এডোবি ফটোশপ","মাহবুবুর রহমান (আইসিটি)","","TK. 420","TK. 315"
﻿"দ্য ফল্ট ইন আওয়ার স্টারস","জন গ্রীন","","TK. 300","TK. 225"
﻿"১০০ প্রেমের কবিতা","আরণ্যক বসু","","TK. 250","TK. 188"
﻿"কাচপাথরের রাত","কামরান চৌধুরী","","TK. 280","TK. 210"
﻿"আনা ফ্রাঙ্কের ডায়েরি","আনা ফ্রাঙ্ক","","TK. 300","TK. 150"
﻿"সুখ সায়রে","মোঃ তানিম-উল-ইসলাম","","TK. 200","TK. 150"
﻿"Classic Bengali Tales","বিভা সিদ্দিকী","","TK. 150","TK. 143"
﻿"বাংলার মুসলমান","আবুল হায়াত ","","TK. 250","TK. 188"
﻿"বাটুল শাহ ও ফটেং","ধ্রুব নীল","","TK. 100","TK. 75"
﻿"মাস্টার অব দ্য ওয়ার্ল্ড","জুল ভার্ন","","TK. 180","TK. 135"
﻿"ন্যাপ-কমিউনিস্ট পার্টি-ছাত্র ইউনিয়ন","পঙ্কজ ভট্টাচার্য","","TK. 600","TK. 450"
﻿"তোমরা সবাই রাজা (দীপ-জলসা সিরিজ ২)","মুহাম্মদ যাইনুল আবিদীন","","TK. 240","TK. 180"
﻿"কমন সেন্স রূলস অব অ্যাডভোকেসি ফর লইয়ারস","কেইথ ইভান্স","","TK. 300","TK. 210"
﻿"সুকান্ত সমগ্র","সুকান্ত ভট্টাচার্য","","TK. 150","TK. 105"
﻿"ওজন কমানোর জন্য","ডাঃ বিমল ছাজেড়","","TK. 200","TK. 120"
﻿"শ্রেষ্ঠ গল্পসমগ্র","তারাশঙ্কর বন্দ্যোপাধ্যায়","","TK. 300","TK. 150"
﻿"গল্পের ঝুলি","সুকুমার রায়","","TK. 150","TK. 105"
﻿"দানব রবিন","রকিব হাসান","","TK. 225","TK. 169"
﻿"দি অ্যালকেমিস্ট","পাওলো কোয়েলহো","","TK. 150","TK. 113"
﻿"আমাদের সোনালি অতীত","ড. মুহাম্মদ ইবনে আবদুর রহমান আরিফী","","TK. 220","TK. 165"
﻿"সমকালীন ইরানের কবি ও কবিতা","শাকির সবুর ","","TK. 500","TK. 375"
﻿"রংধনুর দেশে","লিজি রহমান","","TK. 175","TK. 131"
﻿"অটিজম","ড. মো: শাহ এমরান ","","TK. 150","TK. 113"
﻿"জসীম উদ্দীনের গদ্যবৈভব","নাজমুল হাসান তালুকদার","","TK. 475","TK. 356"
﻿"প্রতিবেদন লিখন ও ভাষা-পরিকল্পনা","নাজমুল হাসান তালুকদার","","TK. 150","TK. 113"
﻿"গল্পসংগ্রহ","সুব্রত বড়ুয়া","","TK. 400","TK. 300"
﻿"বিস্ময়চিহ্নের মতো","রিমঝিম আহমেদ","","TK. 500","TK. 375"
﻿"রোবোপিডিয়া","ভবেশ রায়","","TK. 540","TK. 405"
﻿"ওমেগা বিষ্ফোরণ","সাইফ ইমন","","TK. 120","TK. 90"
﻿"প্রচ্ছন্ন কৈশোর","ড. মাসুম আহ্‌মেদ পাটওয়ারী","","TK. 370","TK. 278"
﻿"মুরাকামির ছোটগল্প সংকলন","মোহাম্মদ আসাদুল্লাহ্‌","","TK. 350","TK. 263"
﻿"অনুবাদসমগ্র সাহিত্য","সুব্রত বড়ুয়া","","TK. 800","TK. 600"
﻿"দুই ভুবনের দুই সারথি দস্তয়েভস্কি ও বিভূতিভূষণ","সুব্রত বড়ুয়া","","TK. 300","TK. 225"
﻿"সাদা বকের তিনটি ছানা","ইমদাদুল হক মিলন","","TK. 120","TK. 90"
﻿"বর্ণ জেতার আন্দোলন","মুহাম্মদ জামাল হোসেন শাহজী","","TK. 200","TK. 150"
﻿"তুমি রবে নীরবে","কে এম পারভেজ ওয়াহিদ","","TK. 300","TK. 225"
﻿"ঘাসফুলেদের দেশ","রাকিবুল হায়দার","","TK. 140","TK. 105"
﻿"ছায়ামানুষ ","জয়নুল আবেদীন","","TK. 150","TK. 113"
﻿"বাউল সম্রাট শাহ আব্দুল করিম ও তার গান","মীর লিয়াকত আলী","","TK. 200","TK. 150"
﻿"দেন্নাগরের কবি","মুহাম্মদ সোহেল রানা","","TK. 200","TK. 150"
﻿"আমার দেবোত্তর সম্পত্তি","নীরদচন্দ্র চৌধুরী","","TK. 350","TK. 263"
﻿"বুদ্ধিজীবীর নোটবই","সুধীর চক্রবর্তী","","TK. 600","TK. 450"
﻿"অনাবৃষ্টির অতৃপ্তি","আরিফ হোসেন","","TK. 150","TK. 113"
﻿"দহনবেলা","ডা. মোঃ ফরিদ-উজ-জামান খান","","TK. 180","TK. 135"
﻿"জীবনকথা","পারভীন লায়লা","","TK. 120","TK. 90"
﻿"কাহিনীগুচ্ছ","সুভাষ বিশ্বাস","","TK. 300","TK. 225"
﻿"বান্ধবী","এম জাহাঙ্গীর আলম","","TK. 150","TK. 113"
﻿"নাঈম ভাইয়ের বস্তি অভিযান","খান আনোয়ার হোসেন ","","TK. 250","TK. 188"
﻿"তোমাদের ঋণ রবে চিরদিন","সাইফুল হক মোল্লা দুলু ","","TK. 250","TK. 188"
﻿"ত্রিবেণী","ভীষ্মদেব মণ্ডল","","TK. 200","TK. 150"
﻿"কালু মিয়ার পিএইচডি","মনিরুজ্জামান বাবলু","","TK. 150","TK. 113"
﻿"হিমুরা কখনো মরে না","মিজানুর রহমান মিজান    ","","TK. 200","TK. 150"
﻿"ছোটদের মহাবিশ্ব পরিচিতি","আলী হাসান","","TK. 200","TK. 150"
﻿"আকাশ দেখেছি আমি মোমের আলোয়","রজনী","","TK. 180","TK. 135"
﻿"Skirts And Saris","টিউলিপ চৌধুরী","","TK. 250","TK. 188"
﻿"শার্লক হোমস গল্পসমগ্র","স্যার আর্থার কোনান ডোয়েল","","TK. 400","TK. 300"
﻿"ছোটদের স্বাস্থ্য কথা","তাসাদ্দুক হোসেন","","TK. 60","TK. 45"
﻿"দ্বিতীয় প্রেম","অনিন্দ্য মামুন","","TK. 170","TK. 128"
﻿"দূরে কাথাও","মোঃ মুশফিকুর রহমান","","TK. 220","TK. 165"
﻿"বঙ্গবন্ধু শত ফুলের কোরাস","আনোয়ার কবির ","","TK. 250","TK. 188"
﻿"মেঘের মাঠে গহীন","ফারুক আহমেদ","","TK. 130","TK. 98"
﻿"দমফাটানো হাসির জোকস","ফারুক আহমেদ","","TK. 160","TK. 120"
﻿"মুক্তিযুদ্ধের গল্প ও অন্যান্য","আওলিয়া খানম","","TK. 300","TK. 225"
﻿"জেনিফার ","লিপি জেস্‌মিন","","TK. 150","TK. 113"
﻿"কালো মেঘের মন","মাহফুজ জোহা","","TK. 180","TK. 126"
﻿"বেদনার পাশে কবিতার ঘর","শামস মাহবুব","","TK. 130","TK. 91"
﻿"যাপিত জীবনের কানাগলি","কাওছার হামিদ","","TK. 130","TK. 91"
﻿"শিশুর বিকাশে করণী-বর্জনীয়","সোহেল আহমেদ","","TK. 180","TK. 126"
﻿"সুরমাপাড়ের ছড়া","মিলন কান্তি দাস","","TK. 150","TK. 105"
﻿"জীবন্ত পৃথিবী","মোহাম্মদ সাজ্জাদুর রহমান","","TK. 140","TK. 98"
﻿"একটা আকাশ একটা ঘুড়ি","তোরাব আল হাবীব","","TK. 230","TK. 161"
﻿"বৃষ্টি দারুণ মিষ্টি মেয়ে","মাহমুদ আবদুল্লাহ","","TK. 70","TK. 49"
﻿"পরীর দেশে","রবিউল আলম ফিরোজ","","TK. 70","TK. 49"
﻿"হৃদয়জুড়ে সুরের ঝর্ণা","কুবাদ বখত চৌধুরী রুবেল","","TK. 60","TK. 42"
﻿"বৈঠা ঝিলিক","কেএম কামরুজ্জামান","","TK. 200","TK. 140"
﻿"দরদিয়া","মোহাম্মদ আব্দুল হান্নান","","TK. 200","TK. 140"
﻿"কানামাছি ও পুঁতির মালা","করামত আলী","","TK. 60","TK. 42"
﻿"রক্তে পাওয়া সবুজ দেশ","আহমদ আল কবির চৌধুরী","","TK. 60","TK. 42"
﻿"স্বদেশ আমার মায়ের মতো","আহমদ আল কবির চৌধুরী","","TK. 70","TK. 49"
﻿"ছন্দশালার বন্ধনাদি","মুহাম্মদ কাওছার হামিদ","","TK. 130","TK. 91"
﻿"যাচ্ছে উড়ে অনেক দূরে","সাদ্দাম হোসেন","","TK. 100","TK. 70"
﻿"ধলের বাগিচা","দেলোয়ার হোসেন দিলু","","TK. 140","TK. 98"
﻿"মাটির সারিন্দা-২","বাংলাদেশ গীতিকবি পরিষদ  ","","TK. 200","TK. 140"
﻿"ড্রাগনের ক্রোধ","দেওয়ান মেহেদী অজেয়","","TK. 300","TK. 225"
﻿"পদ্মাসেতু ও অন্যান্য","প্রত্যয় জসীম","","TK. 200","TK. 150"
﻿"বাঙালি বুদ্ধিজীবী কালে-কালান্তরে","সৈয়দ জাহিদ হাসান","","TK. 450","TK. 338"
﻿"হার্টবিট","ডাঃ মোঃ তাইফুর রহমান","","TK. 400","TK. 300"
﻿"নয় মাসের যুদ্ধকথা","ম. আলী আকবর হায়দার","","TK. 650","TK. 488"
﻿"আমাদের হাসির গল্প","আদিত্য অনীক","","TK. 199","TK. 149"
﻿"জানা জগতের অজানা বিজ্ঞান","আদিত্য অনীক","","TK. 299","TK. 224"
﻿"সফলতা ও মূল্যবোধের কিছু মৌলিক ভাবনা","মোহাম্মদ আলম কাউছার","","","TK. 400"
﻿"কিশোর থ্রিলার দস্যুর কবলে ক্লাসরুম","ইকবাল খন্দকার","","TK. 180","TK. 135"
﻿"দরজা খুলেই ছুট","ফারজানা রহমান শিমু","","TK. 150","TK. 113"
﻿"আরাফের গেরিলা নাও","জিবলু রহমান","","TK. 160","TK. 120"
﻿"চামেলীর চুম্বন","মোঃ আতিকুর রহমান খান","","TK. 150","TK. 105"
﻿"বঙ্গবন্ধু ও রাসেলের গল্প","ফারুক নওয়াজ","","TK. 300","TK. 210"
﻿"প্রাথমিক কম্পিউটার শিক্ষা - ১ম খন্ড","মোস্তাফা জব্বার","","TK. 160","TK. 146"
﻿"গল্প পঞ্চাশ","রেজাউর রহমান","","TK. 700","TK. 525"
﻿"বাউল দর্শন ও দুদ্দু সাঁইয়ের গান","সুমন শিকদার","","TK. 350","TK. 263"
﻿"১৯৭১ ঝিনাইদহে মুক্তিযুদ্ধ","সুমন শিকদার","","TK. 500","TK. 375"
﻿"১৯৭১ ঝিনাইদহের রণাঙ্গন ","সুমন শিকদার","","TK. 450","TK. 338"
﻿"চারণ কবি পাগলা কানাই","মুহ. মু’তাছিম বিল্লাহ, মিন্টু","","TK. 600","TK. 450"
﻿"ঝিনাইদহ রণাঙ্গনের ইতিহাস","সুমন শিকদার","","TK. 380","TK. 285"
﻿"দেশভাগের অন্তরদহন","সুমন শিকদার","","TK. 350","TK. 263"
﻿"লালনের ধর্ম ও তাঁর ধর্মীয় গান","সুমন শিকদার","","TK. 300","TK. 225"
﻿"উপন্যাস চতুষ্টয়","হাসান আজিজুল হক","","TK. 350","TK. 263"
﻿"আর্মেনিয়ায় বাংলাদেশ","সাইফুল্লাহ সাদেক","","TK. 280","TK. 210"
﻿"Synopsis of Indian History","মোঃ আব্দুর রাকিব","","TK. 450","TK. 338"
﻿"আধুনিক প্রশাসন ব্যবস্থাপনা","মোঃ আবদুল কাদের মিয়া","","TK. 390","TK. 293"
﻿"সার্টিফিকেট ম্যানুয়াল","মোঃ আবদুল কাদের মিয়া","","TK. 300","TK. 225"
﻿"শিক্ষা ব্যবস্থাপনা উন্নয়ন","মোঃ আবদুল কাদের মিয়া","","TK. 450","TK. 338"
﻿"ম্যানুয়াল","মোঃ আবদুল কাদের মিয়া","","TK. 280","TK. 210"
﻿"প্রেমসাগরে","বাউল বশিরউদ্দিন সরকার","","TK. 190","TK. 143"
﻿"জিনকবিদের আড্ডায়","সাজজাদ হোসাইন খান","","TK. 170","TK. 128"
﻿"নারী সংগীত","প্রবীর দেবনাথ","","TK. 180","TK. 135"
﻿"তন্ত্রপুথি মারফত ও আমাদের আখড়াবাড়ি","সোমব্রত সরকার","","TK. 350","TK. 263"
﻿"লোক সংস্কৃতি লোক সাধক","সুমনকুমার দাশ","","TK. 650","TK. 488"
﻿"এটিএম বুথ","জিবলু রহমান","","TK. 150","TK. 113"
﻿"সেই বিজয়ের গল্প","সোলায়মান আহসান","","TK. 190","TK. 143"
﻿"ভূত বড় অদ্ভুত","লতিফ জোয়ার্দার","","TK. 190","TK. 143"
﻿"দাঁত খুলে হাসি","মাহবুবুর রশিদ ","","TK. 170","TK. 128"
﻿"অনামিকার খরগোশ ছানা","মোনোয়ার হোসেন","","TK. 150","TK. 113"
﻿"ভাটির বাউল","সুমনকুমার দাশ","","TK. 135","TK. 101"
﻿"খুকু, তোমার বসত","ডা. আবদুল হাই মিনার","","TK. 220","TK. 165"
﻿"ফুলপরির উপহার","আরমানউজ্জামান","","TK. 135","TK. 101"
﻿"কোলা ব্যাঙের বিয়ে","মাহফুজুর রহমান","","TK. 135","TK. 101"
﻿"হাজী মোহাম্মদ দানেশ রচনাবলী","হাজী মোহাম্মদ দানেশ","","TK. 400","TK. 300"
﻿"মেহেরজান","মু. আনোয়ার হোসেন রনি","","TK. 155","TK. 116"
﻿"কেমন করে সিনেমা তৈরি হয়","খাজা আহম্মদ আব্বাস","","TK. 175","TK. 131"
﻿"অ্যারিস্টটল থেকে স্টিফেন হকিং","শ্যামল চক্রবর্তী","","TK. 450","TK. 338"
﻿"প্রিয় পাঁচজন কবি","জয় গোস্বামী","","TK. 580","TK. 435"
﻿"Ramgolam","হরিশংকর জলদাস","","TK. 400","TK. 300"
﻿"Madhumati","রাবেয়া খাতুন","","TK. 200","TK. 150"
﻿"ঘরে-বাইরে","রবীন্দ্রনাথ ঠাকুর","","TK. 350","TK. 263"
﻿"অবরোধ-বাসিনি","বেগম রোকেয়া সাখাওয়াত হোসেন","","TK. 120","TK. 84"
﻿"কৃষ্ণগহ্বর, শিশু মহাবিশ্ব ও অন্যান্য রচনা","স্টিফেন হকিং","","TK. 180","TK. 126"
﻿"গল্প সম্ভার","মাহফুজ সিদ্দিকী","","TK. 200","TK. 150"
﻿"মুক্তিযুদ্ধের ১৩নং সেক্টর","মুনতাসীর মামুন","","TK. 500","TK. 375"
﻿"ডাকঘর","রবীন্দ্রনাথ ঠাকুর","","TK. 130","TK. 91"
﻿"নির্বাচিত ছোটগল্প","সৈয়দ ওয়ালীউল্লাহ্‌","","TK. 180","TK. 135"
﻿"মনভূমির বসন্তে এসো","সঞ্জয় মুখাজ্জী","","TK. 200","TK. 150"
﻿"নাথু দ্য গ্রেট","নীলকণ্ঠ জয়","","TK. 160","TK. 120"
﻿"নিসর্গ প্রণয়ে","ওয়াজেদ আলি","","TK. 150","TK. 113"
﻿"কালো বিড়াল লাল চোখ","নাসির আহমেদ কাবুল","","TK. 180","TK. 135"
﻿"বাংলাদেশের দৃষ্টিনন্দন মসজিদ","যাযাবর মিন্টু","","TK. 300","TK. 225"
﻿"আলদার কোসের মজার কীর্তিকাণ্ড","আলদার কোসে","","TK. 150","TK. 113"
﻿"ঘৃতং পিবেৎ","শ্রী প্রমথনাথ বিশী","","TK. 180","TK. 135"
﻿"কোম্পানি আইনের ভাষ্য","গাজী শামছুর রহমান","","TK. 1,000","TK. 750"
﻿"চেতনার জলছবি","জাহাঙ্গীর হোসেন","","TK. 130","TK. 98"
﻿"The foreigners Act 1946","মোঃ রফিউদ্দিন","","TK. 110","TK. 83"
﻿"প্রশাসনিক আইনের ভাষ্য","গাজী শামছুর রহমান","","TK. 400","TK. 300"
﻿"গাজী মিয়ার বস্তানী","মীর মশাররফ হোসেন","","TK. 350","TK. 263"
﻿"বিষাদ সিন্ধু","মীর মশাররফ হোসেন","","TK. 300","TK. 225"
﻿"আমার জীবনীর জীবনী বিবি কুলসুম","মীর মশাররফ হোসেন","","TK. 180","TK. 135"
﻿"শুল্ক আইনের ভাষ্য","গাজী শামছুর রহমান","","TK. 700","TK. 525"
﻿"সালিস আইন","এডভোকেট মুহাম্মদ সাইফুল আলম ","","TK. 200","TK. 150"
﻿"চট্টগ্রাম মহানগর পুলিশ অধ্যাদেশ","এডভোকেট মুহাম্মদ সাইফুল আলম ","","TK. 100","TK. 75"
﻿"বসন্ত কুমারী","মীর মশাররফ হোসেন","","TK. 120","TK. 90"
﻿"দেউলিয়া বিষয়ক আইন ও বিধিমালা","এডভোকেট মুহাম্মদ সাইফুল আলম ","","TK. 300","TK. 225"
﻿"আন্তর্জাতিক আইনের ভাষ্য","গাজী শামছুর রহমান","","TK. 600","TK. 450"
﻿"ওয়াকফ আইনের ভাষ্য","গাজী শামছুর রহমান","","TK. 250","TK. 188"
﻿"আমার স্বরবর্ণ","মনিরা ইসলাম","","TK. 100","TK. 75"
﻿"খুকির আঁকা ছবি","মনিরা ইসলাম","","TK. 80","TK. 60"
﻿"৬৯ এর গণ-অভ্যুত্থান ও মওলানা ভাসানী","জিবলু রহমান","","TK. 800","TK. 600"
﻿"শান্তির আরাধনা","হেলাল মৃধা","","TK. 150","TK. 113"
﻿"সত্য ও কল্যাণের পথ","মোঃ জাকির হোসেন","","TK. 150","TK. 113"
﻿"অবারিত স্নিগ্ধতা","বেগম ফাতেমা আহমেদ","","TK. 120","TK. 90"
﻿"অমলিন বার্তা","বশির আহম্মেদ ","","TK. 120","TK. 90"
﻿"অসামান্যের সূক্ষ্ম গতি","বেগম ফাতেমা আহমেদ","","TK. 100","TK. 75"
﻿"অস্তমিত জীবনের প্রতি","তাসলিমা রফিক","","TK. 150","TK. 113"
﻿"রৌদ্রস্নানে বৃষ্টি","বেগম ফাতেমা আহমেদ","","TK. 120","TK. 90"
﻿"দেহ ভান্ডের গোপন রহস্য","মোঃ সাইদ হাসান","","TK. 100","TK. 75"
﻿"অচেনা প্রিয়জন","ছামিউল ইসলাম","","TK. 120","TK. 90"
﻿"অনিন্দ্য পথচলা","বশির আহম্মেদ ","","TK. 150","TK. 113"
﻿"রবীন্দ্রনাথের জীবনে নারী","আরেফিন বাদল","","TK. 200","TK. 150"
﻿"টুকরো হলো চাঁদ আকাশের","শহীদ সিরাজী","","TK. 180","TK. 135"
﻿"সত্য কথার গল্পকথা","শহীদ সিরাজী","","TK. 180","TK. 135"
﻿"ভালো মানুষের ছোঁয়া","শহীদ সিরাজী","","TK. 100","TK. 75"
﻿"হৃদয়ের কথা","বদরুদ্দোজা বুলু","","TK. 150","TK. 105"
﻿"International Businiess Directory 2019-20","ওয়াসিকা নুযহাত","","TK. 700","TK. 490"
﻿"মাদকের শেকড় থেকে শিখরে","মুহাম্মদ সেলিম","","TK. 400","TK. 300"
﻿"মুক্তিযুদ্ধে মুজিববাড়ি গোপালগঞ্জ","খান চমন-ই-এলাহি","","TK. 1,000","TK. 750"
﻿"প্রাচ্য ও পাশ্চাত্য দর্শনের ইতিহাস প্রথম খণ্ডের : ১ম ও ২য় ভাগ","হুমায়ুন কবির","","TK. 1,100","TK. 825"
﻿"নির্বাচিত ছোটগল্প","নারায়ণ গঙ্গোপাধ্যায়","","TK. 240","TK. 180"
﻿"নির্বাচিত ছোটগল্প বনফুল","বলাইচাঁদ ‍মুখোপাধ্যায়","","TK. 250","TK. 188"
﻿"কালকেতু উপাখ্যান পদ্য ও গদ্য","এইচ. এম. মেহেদী হাসান ","","TK. 175","TK. 131"
﻿"দইজ্জাত উইট্টে তুয়ান","নিতাই চন্দ্র রায়","","TK. 100","TK. 75"
﻿"বাইলাম তরী জনম ভরি","নিতাই চন্দ্র রায়","","TK. 100","TK. 75"
﻿"ঢাক ডুমা ডুম বাজে ঢোল","নিতাই চন্দ্র রায়","","TK. 100","TK. 75"
﻿"অন্য রকম ভূতের গল্প","মুহম্মদ কুদ্দুসুর রহমান","","TK. 100","TK. 75"
﻿"ভলিবল খেলার আইন","মোঃ আনিসুর রহমান","","TK. 150","TK. 113"
﻿"কালের চোখে আমার দেশ","কাজী মোহাম্মদ শীশ","","TK. 120","TK. 90"
﻿"উত্তরপর্ব একটি সাক্ষাৎকার গ্রন্থ","তারেক মাহমুদ","","TK. 150","TK. 113"
﻿"আকাঙ্ক্ষার শহর","মাসকাওয়াথ আহসান","","TK. 75","TK. 56"
﻿"একুশের যাত্রী","তারেক মাহমুদ","","TK. 200","TK. 150"
﻿"নারীর কথা ও স্ত্রীরোগ বিশেষজ্ঞের ডায়েরী","অধ্যাপক ডা. সামিনা চৌধুরী","","TK. 200","TK. 150"
﻿"গল্প থেকে নাটক","নাহিদ আহমেদ পিয়াল","","TK. 140","TK. 105"
﻿"স্যার সলিমুল্লাহ দেশ ও সমাজচিন্তা","সুহৃদ সরকার","","TK. 150","TK. 113"
﻿"কিশোরী তোমাকে জানতে হবে","অধ্যাপক ডা. সামিনা চৌধুরী","","TK. 250","TK. 188"
﻿"গুদাম ভরা হাসি","ইকবাল খন্দকার","","TK. 190","TK. 143"
﻿"যা দেখেছি যা পেয়েছি তুলনা তার নাই","নুরুল হক","","TK. 450","TK. 338"
﻿"বধূ মাতা কন্যার স্বাস্থ্য তথ্য","অধ্যাপক ডা. সামিনা চৌধুরী","","TK. 150","TK. 113"
﻿"মিয়ানমার পিতা ও কন্যার কথা","কাজী মোহাম্মদ শীশ","","TK. 120","TK. 90"
﻿"ফরাসি কবিতার একাল কথারা কোনোই প্রতিশ্রুতি বহন করে না","প্রশান্ত মৃধা","","TK. 75","TK. 56"
﻿"গ্রীক পুরাণের গল্প","এ কে এম আশরাফুল হক","","TK. 225","TK. 169"
﻿"নিরাপদ মাতৃত্বের জন্যে","অধ্যাপক ডা. সামিনা চৌধুরী","","TK. 200","TK. 150"
﻿"আমার জীবন কথা","মীর্জা আজিজা ইদ্‌রিস","","TK. 120","TK. 90"
﻿"সৃষ্টি রহস্য ও মহাপ্লাবন","এ কে এম আশরাফুল হক","","TK. 150","TK. 113"
﻿"ঈশ্বর এবং আমি","সৈয়দ মহিদুল ইসলাম","","TK. 50","TK. 38"
﻿"Economics and Policy in The Public Arena (Essays on International Economics, Environmental Policy, and Economic Development)","মো. আব্দুল্লাহ শিবলি","","TK. 300","TK. 225"
﻿"Nightfall (Stories of Hope, Love and pain)","মো. আব্দুল্লাহ শিবলি","","TK. 250","TK. 188"
﻿"ফিরে আয় গাঙচিল","জাহিদ হোসেন","","TK. 150","TK. 113"
﻿"বয়ফ্রেন্ড (গল্প সংকলন)","অজিত কুমার রায়","","TK. 180","TK. 135"
﻿"মঞ্জরী (কবিতা সংকলন)","আনোয়ার কামাল","","TK. 250","TK. 188"
﻿"পাহাড় যখন ডাকে","ধ্রুবজ্যোতি ঘোষ মুকুল","","TK. 120","TK. 90"
﻿"শ্রাবণ হতে হতে সাগর","অজিত কুমার রায়","","TK. 120","TK. 90"
﻿"জয়তু একাত্তর","অরুণ মৈত্র","","TK. 150","TK. 113"
﻿"ইতিহাসচর্চায় ভূগোল","মো: আদনান আরিফ সালিম","","TK. 300","TK. 225"
﻿"আমাদের মুক্তির সংগ্রাম","মোঃ আবুল কালাম আজাদ","","TK. 175","TK. 123"
﻿"আজিজুল একটি গোপন নামতা","ফারুক আহমেদ-১","","TK. 200","TK. 150"
﻿"বঙ্গবন্ধু ও স্বাধীনতা","মোঃ আবুল কালাম আজাদ","","TK. 150","TK. 105"
﻿"মহান স্বাধীনতা","মোঃ আবুল কালাম আজাদ","","TK. 200","TK. 140"
﻿"খোকা থেকে বঙ্গবন্ধু","মোঃ আবুল কালাম আজাদ","","TK. 140","TK. 98"
﻿"মানচিত্র","তিমির ভেদী","","TK. 180","TK. 126"
﻿"Armed Quest For Independence","কর্ণেল শওকত আলী (অবঃ)","","TK. 425","TK. 319"
﻿"ভ্রান্তি-বিভ্রান্তির দেশভাগ -১ম খন্ড","ড. রতন সিদ্দিকী","","TK. 320","TK. 240"
﻿"ইস্তাম্বুল সিটি অব ফ্রাগ্রান্স","রাবেয়া রব্বানী","","TK. 350","TK. 263"
﻿"সোনালি নৈঃশব্দ্যের হরিণাবলি","অনিরুদ্ধ আলম","","TK. 200","TK. 150"
﻿"প্রেম কি কেবলি পাখিপ্রবণ","অনিরুদ্ধ আলম","","TK. 200","TK. 150"
﻿"হৃদয়ের একূল ওকূল","তাজুল মোহাম্মদ","","TK. 250","TK. 188"
﻿"কাজী মোতাহার হোসেন মুক্তজ্ঞানের প্রবাদপুরুষ (১২০তম জন্মবর্ষের শ্রদ্ধার্ঘ্য)","আবুল আহসান চৌধুরী","","TK. 400","TK. 300"
﻿"ভাষা সাহিত্য ও সংস্কৃতি","ড. মুহাম্মদ জমির হোসেন","","TK. 400","TK. 300"
﻿"বন পাহাড়ের দেশে","কাজল মালেক","","TK. 200","TK. 150"
﻿"উন্নয়ন সহিংসতা","আনু মুহাম্মদ","","TK. 275","TK. 206"
﻿"শেষের গল্প","জসিম উদ্দিন মিসবাহ","","TK. 300","TK. 225"
﻿"বঙ্গবন্ধু ও বাংলাদেশ","মোঃ রুহুল আমিন ","","TK. 350","TK. 263"
﻿"কিরণমালা","দক্ষিণারঞ্জন মিত্র মজুমদার","","TK. 95","TK. 71"
﻿"সাত ভাই চম্পা","দক্ষিণারঞ্জন মিত্র মজুমদার","","TK. 95","TK. 71"
﻿"শীত-বসন্ত","দক্ষিণারঞ্জন মিত্র মজুমদার","","TK. 95","TK. 71"
﻿"ডালিম কুমার","দক্ষিণারঞ্জন মিত্র মজুমদার","","TK. 95","TK. 71"
﻿"নীল কমল আর লাল কমল","দক্ষিণারঞ্জন মিত্র মজুমদার","","TK. 95","TK. 71"
﻿"দিগন্তে মেহেদী বনের ছায়া","রূমানা চৌধুরী","","TK. 250","TK. 188"
﻿"ফ্যান্টাসি মদন","মোঃ এহছান কবির","","TK. 180","TK. 135"
﻿"কবি ও কবিতার কথকতা","তুহিন ওয়াদুদ","","TK. 220","TK. 165"
﻿"ফার্স্ট বয় সেকেন্ড বয়","এনায়েত রসুল","","TK. 220","TK. 165"
﻿"একাত্তরের বিজয়ফুল","পীরজাদা হোসেন আহমদ","","TK. 1,000","TK. 750"
﻿"হীরালাল সেন","মোঃ আজহারুল ইসলাম","","TK. 200","TK. 150"
﻿"রোহিঙ্গা কন্যা","ড. দিরাজুর রহমান খান","","TK. 100","TK. 75"
﻿"শেখ মুজিবুর রহমান : আত্মকথা","এইচ এম আলমগীর রহমান","","TK. 350","TK. 263"
﻿"সিরাজ-উদ-দৈালা","সিকান্‌দার আবু জাফর","","TK. 200","TK. 150"
﻿"সেলিনা হোসেনের সাহিত্যকীর্তি পাঠ ও মূল্যায়ন","চন্দন আনোয়ার ","","TK. 750","TK. 563"
﻿"কবি","তারাশঙ্কর বন্দ্যোপাধ্যায়","","TK. 350","TK. 263"
﻿"ছোট্ট পাখি চন্দনা","শাহেদ ইকবাল ","","TK. 250","TK. 188"
﻿"সুরের আগুন","তাহেরা আফরোজ ","","TK. 200","TK. 150"
﻿"একাত্তরের মুক্তিযুদ্ধ","রোকেয়া রহমান","","TK. 350","TK. 263"
﻿"মেঘ রোদ্দুর","রুমা তাহেরা","","TK. 150","TK. 113"
﻿"প্রেম জীবন কবিতা","সৈয়দ মাহবুবুর রশিদ","","TK. 300","TK. 225"
﻿"রং নিয়ে খেলি","ডা. এস এম এমরান আলী","","TK. 150","TK. 113"
﻿"বঙ্গবন্ধু জন্মশতবর্ষ ইতিহাসের মহানায়ক শেখ মুজিবুর রহমান","রুমা তাহেরা","","TK. 300","TK. 225"
﻿"চাঁদের দেশে খোকা","ডা. এস এম এমরান আলী","","TK. 150","TK. 113"
﻿"স্বপ্ন বুনি কবিতায়","প্রকৌশলী জাকির হোসেন","","TK. 150","TK. 113"
﻿"গল্প বলি ছড়ার ছড়ায়","মাহমুদা আখতার","","TK. 100","TK. 75"
﻿"বাংলাদেশের নদনদী","ম. ইনামুল হক","","TK. 600","TK. 450"
﻿"ছোটদের বইয়ের বন্ধু বঙ্গবন্ধু","রণজিৎ সরকার","","TK. 125","TK. 94"
﻿"Going To School With Mom","রণজিৎ সরকার","","TK. 125","TK. 94"
﻿"ফক্সট্রট ইন কান্দাহার","ডুয়্যান ইভান্স","","TK. 300","TK. 225"
﻿"এক বগার গল্প","মাহমুদা আখতার","","TK. 100","TK. 75"
﻿"অর্ক দিদার ছড়ার ঝুলি","পূরবী মিত্র","","TK. 160","TK. 120"
﻿"আমাদের জাতির পিতা","অমল সাহা","","TK. 70","TK. 53"
﻿"ব্যাঙের রাজা","আলমগীর রহমান","","TK. 60","TK. 45"
﻿"শেক্সপিয়র রচনাসমগ্র","উইলিয়াম শেক্সপীয়ার","","TK. 400","TK. 300"
﻿"মা মাটি ও মানুষ","মিজানুর রহমান ভূঁইয়া","","TK. 200","TK. 150"
﻿"বাংলাদেশের কৃষকের সংগ্রাম","সত্যেন সেন","","TK. 150","TK. 113"
﻿"৭১ (চতুর্থ খন্ড) মুক্তিযুদ্ধের গল্প","শেখ রফিক","","TK. 600","TK. 450"
﻿"৭১ (পঞ্চম খন্ড) মুক্তিযুদ্ধের কবিতা","শেখ রফিক","","TK. 350","TK. 263"
﻿"চতুর্থ শিল্পবিপ্লব দার্শনিক ভাবনা","মো. নূরুজ্জামান","","TK. 250","TK. 188"
﻿"টেন ডিজিট","ডা. আনিস আহমেদ","","TK. 200","TK. 150"
﻿"স্বাস্থ্য জনসংখ্যা যোগাযোগ","ড. শেখ আবদুস সালাম","","TK. 450","TK. 338"
﻿"শিল্পবোধ ও শিল্প বিচার","ড. আব্দুস সাত্তার","","TK. 550","TK. 413"
﻿"নয়া দুনিয়ার দর্শন","ওভশি ইয়াখোৎ","","TK. 120","TK. 90"
﻿"প্রবাসের ঘর সংসার","বাবুল সিরাজী","","TK. 250","TK. 188"
﻿"মুজিব তোমায় দেখেছি","রানা হামিদ","","TK. 150","TK. 113"
﻿"শব্দহীন প্রলাপ","আব্দুল খালেক ফারুক","","TK. 150","TK. 113"
﻿"নাফাকুম","মনোজিত ওঝা ","","TK. 150","TK. 113"
﻿"ছন্দে-ছড়ায় স্বাধীনতা ও শেখ মুজিব","নিতাই চন্দ্র রায়","","TK. 280","TK. 210"
﻿"নির্বাচিত ৩০০ কবিতা","হাবীবুল্লাহ সিরাজী","","TK. 350","TK. 263"
﻿"আশ্চর্য মেঘ কিংবা আমার শীতজীবন","শেখ মেহেদী ","","TK. 125","TK. 94"
﻿"আপনালয়ই নিরাপদ জেল","এনাম রাজু","","TK. 180","TK. 135"
﻿"নিউজপ্রিন্ট মিলের নিউজপ্রিন্ট স্কুল","কাজী রফিকুল ইসলাম","","TK. 225","TK. 169"
﻿"আল-কোরআন সৃষ্টি রহস্য জোড়ে জোড়ে","মোঃ আবদুল হক খান","","TK. 180","TK. 135"
﻿"খসড়া খাতা: নারীবাদী সাহিত্যতত্ত্ব ও বিবিধ প্রসঙ্গ","অদিতি ফাল্গুনী","","TK. 250","TK. 188"
﻿"বিনীতা","নাজনীন হাসান চুমকী","","TK. 165","TK. 124"
﻿"নির্বাচিত সনেটগুচ্ছ","হাফিজুর রহমান (প্রফেসর)","","TK. 150","TK. 113"
﻿"আত্মসমর্পণের আগে","হাফিজুর রহমান (কবি)","","TK. 150","TK. 113"
﻿"আমার নয়নে তুমি","মৌলি মালিকা কামাল ","","TK. 200","TK. 150"
﻿"বিশ্বসাহিত্যের শ্রেষ্ঠ প্রবন্ধ","মোজাফ্ফর হোসেন","","TK. 330","TK. 248"
﻿"আত্মহত্যা","এ. এন. এম নূরুল হক","","TK. 450","TK. 338"
﻿"আলতামনি ২য় খন্ড (জাগৃতি)","জিল্‌লুর রহমান","","TK. 200","TK. 150"
﻿"গল্পে গল্পে স্বাস্থ্যকথা","কামরুল আহসান","","TK. 200","TK. 150"
﻿"রহস্যময় মৃত্যুসড়ক","ইকবাল খন্দকার","","TK. 200","TK. 150"
﻿"স্মৃতিপটে বঙ্গবন্ধু : শেখের সমসাময়িক","সৈয়দ নাজমুদ্দিন হাশেম","","TK. 250","TK. 188"
﻿"কৈশরের মনোস্তত্ত্ব ","ফজিলাতুন নেসা শাপলা","","TK. 350","TK. 263"
﻿"গণজাগরণের দিনগুলি","এফ এম শাহীন","","TK. 500","TK. 375"
﻿"মণিপুরি মুসলিম","সাজ্জাদুল হক স্বপন","","TK. 490","TK. 368"
﻿"মাও সেতুঙের জ্ঞানতত্ত্ব","আবুল কাসেম ফজলুল হক","","TK. 280","TK. 210"
﻿"ফ্লাইটস","ওলগা তোকারজুক‘র","","TK. 470","TK. 353"
﻿"ছোট্ট রাজপুত্র","অঁতোয়ান দ্য স্যাঁৎ-একজ্যুপেরি","","TK. 380","TK. 285"
﻿"ইস্ট ইন্ডিয়া কোম্পানির অর্থনৈতিক ইতিহাস ভারত উপমহাদেশ","তীর্থংকর রায়","","TK. 250","TK. 188"
﻿"ভালোবাসা প্রতিদিন","মোহাম্মদ এমদাদ হোসেন","","TK. 150","TK. 113"
﻿"রাগিণী","আল মাহমুদ","","TK. 150","TK. 104"
﻿"ইতিহাসের মোড় ফেরা","মোস্তাক শরীফ","","TK. 227","TK. 170"
﻿"ইসলামিক মোটিভেশন ","মাহমুদুল হক জালীস ","","TK. 370","TK. 278"
﻿"লবটুলিয়ার কাহিনি","বিভূতিভূষণ বন্দ্যোপাধ্যায়","","TK. 160","TK. 120"
﻿"যে ভাবে নিজেকে গড়ে তুলবেন","জুলফিয়া ইসলাম","","TK. 200","TK. 150"
﻿"বাংলাদেশের সমকালীন জাদুবাস্তব গল্প","মোজাফ্ফর হোসেন","","TK. 450","TK. 338"
﻿"কয়েদি","অঞ্জন হাসান পবন","","TK. 270","TK. 203"
﻿"এমনি বরষা ছিলো সেদিন","শহিদ হোসেন খোকন","","TK. 200","TK. 150"
﻿"দীর্ঘায়িত দুঃখগুলো","মিলু শামস","","TK. 150","TK. 113"
﻿"নামগন্ধ","মলয় রায় চৌধুরী","","TK. 300","TK. 225"
﻿"মারিলে কান্দিস না আমার দায়","সুমনকুমার দাশ","","TK. 200","TK. 150"
﻿"তোমাতে করিব বাস","জুলফিকার বকুল","","TK. 200","TK. 150"
﻿"ইলিয়ড ও ওডিসি","হোমার","","TK. 200","TK. 150"
﻿"পৃথিবীর পথে","ম্যাক্সিম গোর্কি","","TK. 230","TK. 173"
﻿"শ্রেষ্ঠ রচনাসমগ্র","সুকান্ত ভট্টাচার্য","","TK. 300","TK. 150"
﻿"সুকুমার রায়ের ছড়া সংগ্রহ","সুজন বড়ুয়া","","TK. 200","TK. 150"
﻿"বরিশালের আঞ্চলিক ভাষার কোষ","মো: কাইমুল ইসলাম","","TK. 250","TK. 188"
﻿"প্রথম আঞ্চলিক বাংলা শব্দকোষ","মোহাম্মদ আবদুল কাইউম","","TK. 275","TK. 206"
﻿"কিডস ১০০০ ওয়ার্ডস","মোস্তাফিজুল হক","","TK. 180","TK. 135"
﻿"বেহায়া বিবেক","এন্ড্রোমিডা সুমি","","TK. 160","TK. 120"
﻿"টমাস আলভা এডিসন","জোহরা শিউলী","","TK. 100","TK. 75"
﻿"রঙিন রোদের কনে","মুসফিরা মারিয়াম","","TK. 150","TK. 113"
﻿"একদিন সব কিছু গল্প হয়ে যায়","আহমাদ মোস্তফা কামাল","","TK. 210","TK. 158"
﻿"ফজলুল হকের গল্পসংগ্রহ","ফয়সাল আহমেদ","","TK. 120","TK. 90"
﻿"ধানশি","জাহেদ মোতালেব","","TK. 240","TK. 180"
﻿"অচিরকাল ","সিদ্ধার্থ হক","","TK. 950","TK. 713"
﻿"শতরূপা ঢাকা বিশ্ববিদ্যালয়","শারফিন শাহ","","TK. 580","TK. 435"
﻿"আত্ম-উন্নয়নমূলক ৮টি আলোচিত বই (বইমেলা ২০২০)","মনজুর এইচ","","TK. 2,062","TK. 1,547"
﻿"আলোচিত ৮টি ইসলামি বই (বইমেলা ২০২০)","মুফতি ইসমাঈল মেন্‌ক","","TK. 2,774","TK. 2,081"
﻿"বইমেলা ২০২০ এর আলোচিত ১০টি উপন্যাস","লতিফুল ইসলাম শিবলী","","TK. 4,723","TK. 3,542"
﻿"চোখের বালি","রবীন্দ্রনাথ ঠাকুর","","TK. 200","TK. 150"
﻿"শেক্সপিয়র শ্রেষ্ঠ রচনা সমগ্র","উইলিয়াম শেক্সপীয়ার","","TK. 380","TK. 266"
﻿"ফান্ডামেন্টাল অব ই-কমার্স","সাঈদ রহমান","","TK. 330","TK. 248"
﻿"অত্যাচারিতের শিক্ষা","আমিনুল ইসলাম ভুঁইয়া","","TK. 450","TK. 338"
﻿"গান থেকে গানে","সুমনকুমার দাশ","","TK. 160","TK. 120"
﻿"খুকুর ভয়","মাহবুবা চৌধুরী","","TK. 60","TK. 45"
﻿"আম আঁটির ভেঁপু","বিভূতিভূষণ বন্দ্যোপাধ্যায়","","TK. 200","TK. 150"
﻿"আমার মা মাদাম কুরি","ইভ কুরি","","TK. 120","TK. 90"
﻿"নো এক্সাম","শামীম ইসলাম মুঞ্জু","","TK. 150","TK. 113"
﻿"ব্রোঞ্জের মৌমাছি ও অন্যান্য","রায়হান রাইন","","TK. 300","TK. 225"
﻿"আবর্তন","শেলী জামান খান","","TK. 250","TK. 188"
﻿"নির্বাচিত ১০০ কবিতা","রবীন্দ্রনাথ ঠাকুর","","TK. 290","TK. 218"
﻿"সহজভাবে ছোটদের বঙ্গবন্ধুর জীবনী","মোহাম্মদ জিল্লুর রহমান","","TK. 180","TK. 135"
﻿"বিজ্ঞানের ছয়শো প্রশ্ন","প্রফেসর ড. নিশীথ কুমার পাল","","TK. 270","TK. 203"
﻿"গল্পসমগ্র","সুকুমার রায়","","TK. 300","TK. 225"
﻿"ছোটদের সাধারণ জ্ঞান","রবিউল ইসলাম","","TK. 220","TK. 165"
﻿"প্রযত্নে, বাবা","সোহানা হোসেন নিশি","","TK. 200","TK. 150"
﻿"ঘোড়ার ডিম","ধনিরাম বড়ুয়া","","TK. 100","TK. 75"
﻿"সিন্দুকের চাবি","মঞ্জু সরকার","","TK. 250","TK. 188"
﻿"পূর্ববাংলার জমিদার বাড়ি","মোশাররফ হোসেন (বাংলা বিভাগ)","","TK. 250","TK. 188"
﻿"তার চোখের তারায়","সায়ক আমান","","TK. 360","TK. 252"
﻿"গণতান্ত্রিক সভ্যতা","লেসলি লিপসন","","TK. 400","TK. 300"
﻿"দ্য পাওয়ার অব ইনটেনশন ","ওয়েন ডব্লিউ ডায়ার  ","","TK. 400","TK. 300"
﻿"কনসেনট্রেশন ক্যাম্প ","সুরেশ রঞ্জন বসাক","","TK. 370","TK. 278"
﻿"সাংসারেক মান্দিরাংনি ওয়ান্না","পরাগ রিছিল","","TK. 450","TK. 338"
﻿"শ্রেষ্ঠ গল্প","জাঁ-পল সার্ত্রে","","TK. 250","TK. 188"
﻿"সাহীহ্ আল্-বুখারী -৩য় খণ্ড","আবূ আবদুল্লাহ্ মুহাম্মদ ইবন ইসমাঈল আল-বুখারী আল-জুফী (রহ)","","TK. 520","TK. 390"
﻿"অসমাপ্ত বন্ধুত্ব","শাহরিয়ার সোহাগ","","TK. 200","TK. 150"
﻿"গুরগী ও তার বাচ্চারা","মেঘাদৃতা বিশ্বাস","","TK. 100","TK. 75"
﻿"ছড়ার ছড়াছড়ি","নকুল কুমার বিশ্বাস","","TK. 400","TK. 300"
﻿"হার বেনি","সাইলাস কে. হকিং","","TK. 250","TK. 188"
﻿"গড এ হিউম্যান হিস্ট্রি ","রেজা আসলান","","TK. 400","TK. 300"
﻿"হাই ভোল্টেজ মোটিভেশন","হারুন-আর-রশিদ   ","","TK. 400","TK. 300"
﻿"কামিনী বিলাস","ম. শহিদুল্লাহ্","","TK. 225","TK. 169"
﻿"অরণ্য এবং তুমি","শেখ সুজন আলী","","TK. 250","TK. 188"
﻿"মেঘের দেশে পরীর বাড়ি","দেলোয়ার হোসেন দিলু","","TK. 70","TK. 49"
﻿"বিজয়ের হাসি","কবির কাঞ্চন","","TK. 50","TK. 38"
﻿"একতাই শক্তি","ড. মোহাম্মদ আমীন","","","TK. 45"
﻿"আফ্রিকান ও অন্যান্য অনুবাদ কবিতা","সৈয়দ শামসুল হক","","TK. 235","TK. 176"
﻿"নদীমেখলা দেশে","পান্থ কমল","","TK. 200","TK. 150"
﻿"প্রবঞ্চনা","সৈয়দা শর্মিলী জাহান","","TK. 222","TK. 167"
﻿"Journey to Silence","আজমল সোবহান","","TK. 550","TK. 413"
﻿"জলধর সেনের আত্মজীবনী","আবুল আহসান চৌধুরী","","TK. 495","TK. 371"
﻿"পাখির চোখে দেখা","আহমাদ মোস্তফা কামাল","","TK. 270","TK. 203"
﻿"বঙ্গবন্ধু","সুমন্ত গুপ্ত","","TK. 150","TK. 113"
﻿"দ্য পেল হর্স","আগাথা ক্রিস্টি","","TK. 325","TK. 244"
﻿"নিবিড় মেঘের ছায়ায় মন দিয়েছি মেলে","মোহাম্মদ ছদর উদ্দিন","","TK. 140","TK. 105"
﻿"খুশি হতে হয় সবাইকে নিয়ে","সত্যজিৎ বিশ্বাস","","TK. 100","TK. 90"
﻿"বঙ্গবন্ধু শেখ মুজিব","গোলাম সামদানী কোরায়শী","","","TK. 42"
﻿"আর্টেমিস ফাউল অ্যাণ্ড দ্য ওপাল ডিসেপশন","ওয়েন কোলফার","","TK. 320","TK. 224"
﻿"বঙ্গবন্ধুকে লেখা চিঠি","কামাল হোসাইন","","","TK. 150"
﻿"ওয়েদার মেকার","পিনাকী ভট্টাচার্য","","TK. 250","TK. 188"
﻿"আর্টেমিস ফাউল","ওয়েন কোলফার","","TK. 250","TK. 175"
﻿"ফাংসাং","সাদিকা রুমন","","TK. 175","TK. 154"
﻿"ইতিহাসের অলি গলি","জিয়াউল হক","","TK. 180","TK. 158"
﻿"মানচিত্রে দেশ বিদেশ","মোঃ আবু জাফর হাওলাদার","","TK. 500","TK. 425"
﻿"হ্যামিলনের বাঁশিওয়ালা","কিডস্‌ বুকস্‌","","TK. 95","TK. 67"
﻿"বঙ্গবন্ধু কোষ","মুনতাসীর মামুন","","","TK. 350"
﻿"আট রহস্য","আহমেদ রিয়াজ","","TK. 275","TK. 234"
﻿"ডায়াবেটিজ রোগে কি খাবেন","ডাঃ বিমল ছাজেড়","","TK. 175","TK. 105"
﻿"কার দোষ?","সুকুমার রায়","","TK. 175","TK. 154"
﻿"চিতা ও সাহসী কুকুর","ইমদাদুল হক মিলন","","TK. 175","TK. 154"
﻿"তোমার জন্য জ্ঞানকাব্য","আহমেদ শরীফ","","TK. 250","TK. 213"
﻿"চারু ও কারু কলা","হাফিজুর রহমান ভূঞা","","TK. 1,000","TK. 910"
﻿"সেরা কিশোর সম্ভার","অবনীন্দ্রনাথ ঠাকুর","","TK. 600","TK. 510"
﻿"ইউরোপের ডাকে","মাসুম হোসেন চৌধুরী","","TK. 470","TK. 353"
﻿"স্বাস্থ্য সুরক্ষায় আধুনিক চর্চা ও চিকিৎসা","ড. এম হেলাল ","","TK. 280","TK. 210"
﻿"কিয়ামতের ছহীহ আলামত","শাইখ ইছ্বাম মূসা হাদী","","TK. 120","TK. 90"
﻿"ফাইনম্যান ডায়াগ্রাম","সাকিবুল ইসলাম","","TK. 180","TK. 135"
﻿"ভলিউম-২০: কুয়াশা-৫৮, ৫৯, ৬০","কাজী আনোয়ার হোসেন","","TK. 27","TK. 20"
﻿"মনিরউদ্দীন ইউসুফ: জীবন সৃষ্টি ও দৃষ্টি","হালিম দাদ খান","","TK. 250","TK. 188"
﻿"তিড়িং বিড়িং ফড়িং ধরি","কামরুল আলম ","","TK. 100","TK. 70"
﻿"তথাগত","শাহযাদ ফিরদাউস","","TK. 200","TK. 150"
﻿"শ্রোডিঙ্গারের বিড়াল","আব্দুল গাফফার রনি","","TK. 270","TK. 203"
﻿"ভিসুভিয়াস-১ম খণ্ড","মোঃ আবুল কালাম আজাদ","","TK. 150","TK. 132"
﻿"উইলিয়াম শেক্সপিয়র উদ্ধৃতকোষ","উইলিয়াম শেক্সপীয়ার","","TK. 400","TK. 340"
﻿"দার্শনিকদের গল্প","হাসনা বেগম","","TK. 225","TK. 191"
﻿"উত্তর আফ্রিকার আরব রাষ্ট্রসমূহের রাজনৈতিক ইতিহাস","মো. হুমায়ুন কবির চৌধুরী","","TK. 200","TK. 176"
﻿"হৃদয়ের কথা","অধ্যাপক (ডাঃ) মোঃ তৌফিকুর রহমান (ফারুক)","","TK. 100","TK. 70"
﻿"শেখ মুজিবর রহমান কিশোর জীবনী","ইশতিয়াক আলম","","TK. 200","TK. 150"
﻿"মুসলিম মনিষীদের জীবনী","হানুফা ইমদাদ","","TK. 120","TK. 84"
﻿"মজার মজার গণিত কুইজ ও ধাঁধার খেলা","মুস্তাক আহমেদ","","TK. 200","TK. 140"
﻿"এভারেস্ট","অদ্রি - পাহাড় পর্বতের প্যাচালী","","TK. 300","TK. 225"
﻿"ইলহাম ও অন্যান্য কবিতা","ইমরান চৌধুরী","","TK. 200","TK. 176"
﻿"বাংলাদেশের নারী অধিকার আইন","ড. আরিফা জেসমিন নাহীন","","TK. 320","TK. 256"
﻿"বঙ্গবন্ধু ও বাংলাদেশ প্রসঙ্গ","ড. অরুণ কুমার গোস্বামী","","TK. 400","TK. 300"
﻿"মেঘ-মিতালী হৃদয়","ননী গোপাল সরকার","","TK. 180","TK. 158"
﻿"ভাবনারা ইয়ারফোনের তারের মতো","রবিউল আলম  ","","TK. 150","TK. 113"
﻿"Frozen","লিটল এনগেসল","","TK. 95","TK. 86"
﻿"The Frozen Monster","লিটল এনগেসল","","TK. 95","TK. 86"
﻿"৫টি মুক্ত নাটক","প্রদীপ দেওয়ানজী","","TK. 100","TK. 75"
﻿" Stygian Serendipity","মুগ্ধা চন্দ্রিকা","","TK. 150","TK. 132"
﻿"রহস্য","রোন্ডা বাইর্ণ","","TK. 220","TK. 154"
﻿"সহজ সূত্রে প্রমিত বাংলা বানান","ড. মোহাম্মদ আমীন","","","TK. 250"
﻿"হাইকোর্ট পারমিশন ভাইভা সহায়িকা প্রস্তুতি ও কৌশল","মুহাম্মদ আবদুল করিম","","TK. 200","TK. 140"
﻿"লিগ্যাল রিসার্চ পদ্ধতি ও কৌশল","আরিফ খান","","TK. 200","TK. 140"
﻿"স্বর্গীয় গন্দম","মাহমুদুল হক জালীস ","","TK. 160","TK. 141"
﻿"আগাথা ক্রিস্টির সেরা ৫টি অনুবাদ বই","আগাথা ক্রিস্টি","","TK. 1,328","TK. 996"
﻿"বাতিঘর প্রকাশনীর ১১ জন বিদেশী লেখকের জনপ্রিয় অনুবাদ বই","মারিও পূজো","","TK. 3,510","TK. 2,412"
﻿"রিচ ড্যাড পুওর ড্যাড","আসাদুজ্জামান খান","","TK. 220","TK. 125"
﻿"গল্পে গল্পে বাংলা বানান","ড. মোহাম্মদ আমীন","","TK. 140","TK. 123"
﻿"পাহাড়ের ভাঁজে মহাকাব্য"," জাকারিয়া মন্ডল","","TK. 250","TK. 213"
﻿"দি আলকেমিস্ট","পাওলো কোয়েলহো","","TK. 200","TK. 140"
﻿"সহজ কথায় আধুনিক ও বৈজ্ঞানিক পদ্ধতিতে মাছ চাষ রকমারি কালেকশন","কৃষিবিদ মাহফুজুর রহমান","","TK. 615","TK. 547"
﻿"৩০ মনীষীর জীবন দর্শন","শহিদুল ইসলাম","","TK. 225","TK. 191"
﻿"পরাণ ডোমের পোস্টমর্টেম","অমিতাভ অরণ্য","","TK. 250","TK. 188"
﻿"ইনভেস্টিগেটিভ জার্নালিজম অ্যান্ড মিডিয়া","হাসান মাহমুদ","","TK. 520","TK. 390"
﻿"সপ্তবর্ণা","গৌরাঙ্গদেব চক্রবর্ত্তী","","TK. 120","TK. 106"
﻿"টারজান ভলিউম-৩ (ওপারের ডাক-১,২ একত্রে)","এডগার রাইস বারোজ","","TK. 27","TK. 20"
﻿"অদৃশ্য দরজা - কিশোর ফ্যান্টাসি","শামীম হোসেন","","TK. 27","TK. 20"
﻿"হাতে রাখো হাত","খন্দকার মাজহারুল করিম","","TK. 35","TK. 26"
﻿"কুয়াশা সিরিজ-৭৭: কিলার","শেখ আবদুল হাকিম","","TK. 27","TK. 24"
﻿"ভলিউম-২৩: কুয়াশা-৬৭, ৬৮, ৬৯","কাজী আনোয়ার হোসেন","","TK. 27","TK. 20"
﻿"জাস্ট লাইফ হেল","নেইট সাদার্ড","","TK. 200","TK. 176"
﻿"গল্পে গল্পে ধাঁধা","হিটলার এ. হালিম","","TK. 120","TK. 90"
﻿"International Organisations Trends and Issues","ডি এইচ খান","","TK. 250","TK. 238"
﻿"ব্যাকরণ সংকলন","আমিনুল ইসলাম মিলন","","TK. 150","TK. 113"
﻿"গোলাম মুরশিদ সংবর্ধনা গ্রন্থ","স্বরোচিষ সরকার","","TK. 500","TK. 425"
﻿"শিক্ষাব্যবস্থাঃ মৌলিক দৃষ্টিভঙ্গী","জিয়াউল হক","","TK. 60","TK. 45"
﻿"অল্প স্বল্প গল্প","জিয়াউল হক","","TK. 90","TK. 68"
﻿"মনীষীদের বইয়ের নেশা","আবু সাকী মাহবুব","","TK. 90","TK. 68"
﻿"ইতিহাসের দর্পনে- ১","জিয়াউল হক","","TK. 320","TK. 240"
﻿"অন্তর মম বিকশিত করো","জিয়াউল হক","","TK. 300","TK. 225"
﻿"মহামতি আকবর নায়ক না খলনায়ক","জিয়াউল হক","","TK. 300","TK. 225"
﻿"উমাইয়া শাসনের ভেতর বাহির","আহমাদ আমিন","","TK. 220","TK. 165"
﻿"হুমকি","টিপু কিবরিয়া","","TK. 28","TK. 21"
﻿"শিল্পী নিতুন কুন্ডু জীবন ও কর্ম","আসাদুজ্জামান আসাদ","","TK. 350","TK. 263"
﻿"বিয়ে করিয়ে দিন","মুহাম্মাদ শাকিল হোসাইন","","","TK. 60"
﻿"জালবন্দি জীবন","লুৎফুন্নাহার পিকি","","TK. 400","TK. 300"
﻿"আত্মনিয়ন্ত্রণ","শাইখ মুহাম্মাদ সালেহ আল-মুনাজ্জিদ","","TK. 112","TK. 84"
﻿"সাইকোলজি : ইসলামি দৃষ্টিকোণ","ডঃ আইশা হামদান","","TK. 334","TK. 251"
﻿"শ্রেষ্ঠ গল্প ","মাহফুজুর রহমান","","TK. 250","TK. 188"
﻿"বাংলা কোচবিহার সামরিক ইতিহাস","মো. আবুসালেহ সেকেন্দার","","TK. 275","TK. 261"
﻿"একাত্তরের স্বাধীনতা যুদ্ধে বাঙলাদেশে কমিউনিস্টদের রাজনৈতিক ভূমিকা","বদরুদ্দীন উমর","","TK. 200","TK. 150"
﻿"সাদাত হোসাইনের কবিতা কালেকশন","সাদাত হোসাইন ","","TK. 560","TK. 420"
﻿"হুমায়ূন আহমেদ : সাহিত্যের জীবন্ত পাঠশালা","শামীম আহমেদ ১","","TK. 200","TK. 120"
﻿"সাপের বাসায় চিতল মাছ","তারেক খান","","TK. 60","TK. 42"
﻿"মেঘ সেরে মোনো চুক","মৃত্তিকা চাকমা","","TK. 100","TK. 70"
﻿"রক্তকরবী","রবীন্দ্রনাথ ঠাকুর","","TK. 60","TK. 42"
﻿"ধন ধান্য পুষ্প ভরা আমাদের এই বসুন্ধরা","দ্বিজেন্দ্রলাল রায়","","TK. 100","TK. 70"
﻿"দূর দিগন্তের পানে","মোল্লা বাহাউদ্দিন","","TK. 250","TK. 213"
﻿"কুড়ি বছরের কবিতা","তারেক মাহমুদ","","TK. 300","TK. 255"
﻿"অসাধারণ সাধারণ","রুশেমা ইমাম","","TK. 240","TK. 204"
﻿"আঁকাবাঁকা এই পথ","সাজাহান সাকিদার","","TK. 100","TK. 90"
﻿"কাউন্সেলিং সাইকোলজি","মোহাম্মদ আমিনুল ইসলাম","","TK. 250","TK. 228"
﻿"ডুবছি ঝিলাম নদী","সানজিদা আমীর ইনিসী","","TK. 160","TK. 120"
﻿"জীবনযুদ্ধে মালয়েশিয়া ভ্রমণ","মোহাম্মদ শাহজামান শুভ","","TK. 200","TK. 176"
﻿"নির্বাসন (রোমান্টিক থ্রিলার)","শারমিন আঞ্জুম","","TK. 665","TK. 499"
﻿"কিশোর থ্রিলার তিন গোয়েন্দা খনিতে বিপদ!","শামসুদ্দীন নওয়াব","","TK. 28","TK. 21"
﻿"কিশোর থ্রিলার তিন গোয়েন্দা ঝড়ের দ্বীপ","শামসুদ্দীন নওয়াব","","TK. 30","TK. 23"
﻿"বধ্যভূমি","প্রদীপ দেওয়ানজী","","TK. 50","TK. 38"
﻿"অনার্য অর্জুন","হরিশংকর জলদাস","","TK. 250","TK. 188"
﻿"Wonderful Of Shapes","সাবরিনা ইসলাম","","TK. 50","TK. 48"
﻿"ভলিউম-৮: কুয়াশা-২২, ২৩, ২৪","কাজী আনোয়ার হোসেন","","TK. 28","TK. 21"
